sourceGene,aThaliana,oSativa,sBicolor,sItalica,sLycopersicum,zMays,inferred annotation
At3g21670,AT3G21670|AT3G21670.1|Athaliana_Araport11,LOC_Os04g39030|LOC_Os04g39030.1|Osativa_v7.0,Sobic.004G193000|Sobic.004G193000.1|Sbicolor_v5.1,Seita.1G210500|Seita.1G210500.1|Sitalica_v2.2,"Solyc07G001832|Solyc07T001832.1|Slycopersicum_ITAG5.0, Solyc12G000107|Solyc12T000107.1|Slycopersicum_ITAG5.0",Zm00001d016982|Zm00001d016982_T001|Zmays_RefGen_V4,nitrate transporter identical to nitrate transporter GB:CAB38706 [Arabidopsis thaliana] (68410.m02478)
At1g33440,"AT1G33440|AT1G33440.1|Athaliana_Araport11, AT1G59740|AT1G59740.1|Athaliana_Araport11","LOC_Os04g36040|LOC_Os04g36040.1|Osativa_v7.0, LOC_Os11g12740|LOC_Os11g12740.1|Osativa_v7.0","Sobic.005G090600|Sobic.005G090600.1|Sbicolor_v5.1, Sobic.005G090600|Sobic.005G090600.2|Sbicolor_v5.1, Sobic.006G089300|Sobic.006G089300.1|Sbicolor_v5.1, Sobic.007G081300|Sobic.007G081300.1|Sbicolor_v5.1","Seita.6G020900|Seita.6G020900.1|Sitalica_v2.2, Seita.7G107900|Seita.7G107900.1|Sitalica_v2.2, Seita.7G107900|Seita.7G107900.2|Sitalica_v2.2, Seita.8G084200|Seita.8G084200.1|Sitalica_v2.2, Seita.8G084200|Seita.8G084200.2|Sitalica_v2.2","Solyc01G003517|Solyc01T003517.1|Slycopersicum_ITAG5.0, Solyc11G001598|Solyc11T001598.1|Slycopersicum_ITAG5.0","Zm00001d003603|Zm00001d003603_T001|Zmays_RefGen_V4, Zm00001d007255|Zm00001d007255_T001|Zmays_RefGen_V4, Zm00001d049349|Zm00001d049349_T001|Zmays_RefGen_V4",nitrate transporter NTL1 -related similar to GI:3377517 from [Arabidopsis thaliana] (68408.m03749)
At1g12110,AT1G12110|AT1G12110.1|Athaliana_Araport11,"LOC_Os03g01290|LOC_Os03g01290.1|Osativa_v7.0, LOC_Os08g05910|LOC_Os08g05910.1|Osativa_v7.0, LOC_Os08g05910|LOC_Os08g05910.2|Osativa_v7.0, LOC_Os10g40600|LOC_Os10g40600.1|Osativa_v7.0","Sobic.001G302800|Sobic.001G302800.1|Sbicolor_v5.1, Sobic.001G541900|Sobic.001G541900.2|Sbicolor_v5.1, Sobic.007G044300|Sobic.007G044300.1|Sbicolor_v5.1","Seita.6G058300|Seita.6G058300.1|Sitalica_v2.2, Seita.9G327900|Seita.9G327900.1|Sitalica_v2.2, Seita.9G328000|Seita.9G328000.1|Sitalica_v2.2","Solyc06G001319|Solyc06T001319.1|Slycopersicum_ITAG5.0, Solyc08G000247|Solyc08T000247.1|Slycopersicum_ITAG5.0, Solyc08G002181|Solyc08T002181.1|Slycopersicum_ITAG5.0","Zm00001d024587|Zm00001d024587_T001|Zmays_RefGen_V4, Zm00001d027285|Zm00001d027285_T001|Zmays_RefGen_V4, Zm00001d029932|Zm00001d029932_T001|Zmays_RefGen_V4, Zm00001d029933|Zm00001d029933_T001|Zmays_RefGen_V4",putative NPK1-related protein kinase 2 similar to nitrate chlorate transporter GB:Q05085 from (Arabidopsis thaliana) (68408.m01262)
At1g08100,"AT1G08090|AT1G08090.1|Athaliana_Araport11, AT1G08100|AT1G08100.1|Athaliana_Araport11, AT3G45060|AT3G45060.1|Athaliana_Araport11, AT5G60770|AT5G60770.1|Athaliana_Araport11, AT5G60780|AT5G60780.1|Athaliana_Araport11","LOC_Os02g02170|LOC_Os02g02170.1|Osativa_v7.0, LOC_Os02g02190|LOC_Os02g02190.1|Osativa_v7.0","Sobic.004G009200|Sobic.004G009200.1|Sbicolor_v5.1, Sobic.004G009400|Sobic.004G009400.1|Sbicolor_v5.1, Sobic.004G009500|Sobic.004G009500.1|Sbicolor_v5.1","Seita.1G114900|Seita.1G114900.1|Sitalica_v2.2, Seita.1G115400|Seita.1G115400.1|Sitalica_v2.2, Seita.1G115700|Seita.1G115700.1|Sitalica_v2.2, Seita.1G115800|Seita.1G115800.1|Sitalica_v2.2, Seita.1G116000|Seita.1G116000.1|Sitalica_v2.2, Seita.1G116100|Seita.1G116100.1|Sitalica_v2.2","Solyc06G000379|Solyc06T000379.1|Slycopersicum_ITAG5.0, Solyc06G002352|Solyc06T002352.1|Slycopersicum_ITAG5.0, Solyc06G002352|Solyc06T002352.2|Slycopersicum_ITAG5.0, Solyc06G002352|Solyc06T002352.3|Slycopersicum_ITAG5.0, Solyc06G002352|Solyc06T002352.5|Slycopersicum_ITAG5.0, Solyc11G002335|Solyc11T002335.1|Slycopersicum_ITAG5.0","Zm00001d014976|Zm00001d014976_T001|Zmays_RefGen_V4, Zm00001d054057|Zm00001d054057_T001|Zmays_RefGen_V4, Zm00001d054060|Zm00001d054060_T001|Zmays_RefGen_V4","high-affinity nitrate transporter ACH2 identical to GB:AAC35884 from [Arabidopsis thaliana] (Plant J. 17 (5), 563-568 (1999)) (68408.m00797)"
At3g45060,"AT1G08090|AT1G08090.1|Athaliana_Araport11, AT1G08100|AT1G08100.1|Athaliana_Araport11, AT3G45060|AT3G45060.1|Athaliana_Araport11, AT5G60770|AT5G60770.1|Athaliana_Araport11, AT5G60780|AT5G60780.1|Athaliana_Araport11","LOC_Os02g02170|LOC_Os02g02170.1|Osativa_v7.0, LOC_Os02g02190|LOC_Os02g02190.1|Osativa_v7.0","Sobic.004G009200|Sobic.004G009200.1|Sbicolor_v5.1, Sobic.004G009400|Sobic.004G009400.1|Sbicolor_v5.1, Sobic.004G009500|Sobic.004G009500.1|Sbicolor_v5.1","Seita.1G114900|Seita.1G114900.1|Sitalica_v2.2, Seita.1G115400|Seita.1G115400.1|Sitalica_v2.2, Seita.1G115700|Seita.1G115700.1|Sitalica_v2.2, Seita.1G115800|Seita.1G115800.1|Sitalica_v2.2, Seita.1G116000|Seita.1G116000.1|Sitalica_v2.2, Seita.1G116100|Seita.1G116100.1|Sitalica_v2.2","Solyc06G000379|Solyc06T000379.1|Slycopersicum_ITAG5.0, Solyc06G002352|Solyc06T002352.1|Slycopersicum_ITAG5.0, Solyc06G002352|Solyc06T002352.2|Slycopersicum_ITAG5.0, Solyc06G002352|Solyc06T002352.3|Slycopersicum_ITAG5.0, Solyc06G002352|Solyc06T002352.5|Slycopersicum_ITAG5.0, Solyc11G002335|Solyc11T002335.1|Slycopersicum_ITAG5.0","Zm00001d014976|Zm00001d014976_T001|Zmays_RefGen_V4, Zm00001d054057|Zm00001d054057_T001|Zmays_RefGen_V4, Zm00001d054060|Zm00001d054060_T001|Zmays_RefGen_V4","high-affinity nitrate transporter - like protein high-affinity nitrate transporter ACH1, Arabidopsis thaliana, EMBL:AF019748 (68410.m04497)"
At5g14570,AT5G14570|AT5G14570.1|Athaliana_Araport11,,,,Solyc02G001031|Solyc02T001031.1|Slycopersicum_ITAG5.0,,"high affinity nitrate transporter - like protein high affinity nitrate transporter, Oryza sativa, EMBL:AB008519 (68412.m01576)"
At1g27040,"AT1G27040|AT1G27040.1|Athaliana_Araport11, AT1G27040|AT1G27040.2|Athaliana_Araport11, AT1G27040|AT1G27040.3|Athaliana_Araport11",,,,,,nitrate transporter -related nitrate transporter NTL1 GB:AAC28086 GI:3377517 from [Arabidopsis thaliana] (68408.m02988)
At5g60780,"AT1G08090|AT1G08090.1|Athaliana_Araport11, AT1G08100|AT1G08100.1|Athaliana_Araport11, AT3G45060|AT3G45060.1|Athaliana_Araport11, AT5G60770|AT5G60770.1|Athaliana_Araport11, AT5G60780|AT5G60780.1|Athaliana_Araport11","LOC_Os02g02170|LOC_Os02g02170.1|Osativa_v7.0, LOC_Os02g02190|LOC_Os02g02190.1|Osativa_v7.0","Sobic.004G009200|Sobic.004G009200.1|Sbicolor_v5.1, Sobic.004G009400|Sobic.004G009400.1|Sbicolor_v5.1, Sobic.004G009500|Sobic.004G009500.1|Sbicolor_v5.1","Seita.1G114900|Seita.1G114900.1|Sitalica_v2.2, Seita.1G115400|Seita.1G115400.1|Sitalica_v2.2, Seita.1G115700|Seita.1G115700.1|Sitalica_v2.2, Seita.1G115800|Seita.1G115800.1|Sitalica_v2.2, Seita.1G116000|Seita.1G116000.1|Sitalica_v2.2, Seita.1G116100|Seita.1G116100.1|Sitalica_v2.2","Solyc06G000379|Solyc06T000379.1|Slycopersicum_ITAG5.0, Solyc06G002352|Solyc06T002352.1|Slycopersicum_ITAG5.0, Solyc06G002352|Solyc06T002352.2|Slycopersicum_ITAG5.0, Solyc06G002352|Solyc06T002352.3|Slycopersicum_ITAG5.0, Solyc06G002352|Solyc06T002352.5|Slycopersicum_ITAG5.0, Solyc11G002335|Solyc11T002335.1|Slycopersicum_ITAG5.0","Zm00001d014976|Zm00001d014976_T001|Zmays_RefGen_V4, Zm00001d054057|Zm00001d054057_T001|Zmays_RefGen_V4, Zm00001d054060|Zm00001d054060_T001|Zmays_RefGen_V4","high affinity nitrate transporter protein - like probable high affinity nitrate transporter protein, Glycine max, PIR:T06237 (68412.m06901)"
At5g62730,"AT5G62730|AT5G62730.1|Athaliana_Araport11, AT5G62730|AT5G62730.2|Athaliana_Araport11",,,,,,"nitrate transporter NTL1 - like protein nitrate transporter NTL1, Arabidopsis thaliana, EMBL:AF073361 (68412.m07120)"
At3g25260,"AT3G25260|AT3G25260.1|Athaliana_Araport11, AT3G25280|AT3G25280.1|Athaliana_Araport11",,,,,,nitrate transporter -related similar to nitrate transporter (NTL1) GB:AAC28086 [Arabidopsis thaliana] (68410.m02886)
At1g69850,AT1G69850|AT1G69850.1|Athaliana_Araport11,LOC_Os06g38294|LOC_Os06g38294.1|Osativa_v7.0,Sobic.010G175900|Sobic.010G175900.2|Sbicolor_v5.1,"Seita.4G231500|Seita.4G231500.1|Sitalica_v2.2, Seita.4G231500|Seita.4G231500.2|Sitalica_v2.2","Solyc03G002586|Solyc03T002586.1|Slycopersicum_ITAG5.0, Solyc04G000089|Solyc04T000089.1|Slycopersicum_ITAG5.0, Solyc05G000195|Solyc05T000195.1|Slycopersicum_ITAG5.0, Solyc05G000196|Solyc05T000196.1|Slycopersicum_ITAG5.0",Zm00001d046383|Zm00001d046383_T001|Zmays_RefGen_V4,nitrate transporter (NTL1) identical to nitrate transporter (NTL1) GB:AAC28086 [Arabidopsis thaliana] (68408.m07372)
At3g25280,"AT3G25260|AT3G25260.1|Athaliana_Araport11, AT3G25280|AT3G25280.1|Athaliana_Araport11",,,,,,nitrate transporter -related similar to nitrate transporter (NTL1) GB:AAC28086 [Arabidopsis thaliana] (68410.m02888)
At2g26690,"AT2G26690|AT2G26690.1|Athaliana_Araport11, AT2G26690|AT2G26690.2|Athaliana_Araport11, AT2G26690|AT2G26690.3|Athaliana_Araport11","LOC_Os01g37590|LOC_Os01g37590.1|Osativa_v7.0, LOC_Os01g37590|LOC_Os01g37590.2|Osativa_v7.0",Sobic.003G185100|Sobic.003G185100.1|Sbicolor_v5.1,Seita.5G195000|Seita.5G195000.1|Sitalica_v2.2,"Solyc01G003047|Solyc01T003047.1|Slycopersicum_ITAG5.0, Solyc07G001167|Solyc07T001167.1|Slycopersicum_ITAG5.0, Solyc08G001100|Solyc08T001100.1|Slycopersicum_ITAG5.0","Zm00001d009399|Zm00001d009399_T001|Zmays_RefGen_V4, Zm00001d044529|Zm00001d044529_T001|Zmays_RefGen_V4",nitrate transporter -related (68409.m02905)
At1g08090,"AT1G08090|AT1G08090.1|Athaliana_Araport11, AT1G08100|AT1G08100.1|Athaliana_Araport11, AT3G45060|AT3G45060.1|Athaliana_Araport11, AT5G60770|AT5G60770.1|Athaliana_Araport11, AT5G60780|AT5G60780.1|Athaliana_Araport11","LOC_Os02g02170|LOC_Os02g02170.1|Osativa_v7.0, LOC_Os02g02190|LOC_Os02g02190.1|Osativa_v7.0","Sobic.004G009200|Sobic.004G009200.1|Sbicolor_v5.1, Sobic.004G009400|Sobic.004G009400.1|Sbicolor_v5.1, Sobic.004G009500|Sobic.004G009500.1|Sbicolor_v5.1","Seita.1G114900|Seita.1G114900.1|Sitalica_v2.2, Seita.1G115400|Seita.1G115400.1|Sitalica_v2.2, Seita.1G115700|Seita.1G115700.1|Sitalica_v2.2, Seita.1G115800|Seita.1G115800.1|Sitalica_v2.2, Seita.1G116000|Seita.1G116000.1|Sitalica_v2.2, Seita.1G116100|Seita.1G116100.1|Sitalica_v2.2","Solyc06G000379|Solyc06T000379.1|Slycopersicum_ITAG5.0, Solyc06G002352|Solyc06T002352.1|Slycopersicum_ITAG5.0, Solyc06G002352|Solyc06T002352.2|Slycopersicum_ITAG5.0, Solyc06G002352|Solyc06T002352.3|Slycopersicum_ITAG5.0, Solyc06G002352|Solyc06T002352.5|Slycopersicum_ITAG5.0, Solyc11G002335|Solyc11T002335.1|Slycopersicum_ITAG5.0","Zm00001d014976|Zm00001d014976_T001|Zmays_RefGen_V4, Zm00001d054057|Zm00001d054057_T001|Zmays_RefGen_V4, Zm00001d054060|Zm00001d054060_T001|Zmays_RefGen_V4",high-affinity nitrate transporter NRT2 identical to GB:CAB09794 from [Arabidopsis thaliana] (68408.m00796)
At1g12940,"AT1G12940|AT1G12940.1|Athaliana_Araport11, AT4G14358|AT4G14358.1|Athaliana_Araport11",LOC_Os01g50820|LOC_Os01g50820.1|Osativa_v7.0,Sobic.003G270800|Sobic.003G270800.1|Sbicolor_v5.1,Seita.5G286900|Seita.5G286900.1|Sitalica_v2.2,,Zm00001d011679|Zm00001d011679_T001|Zmays_RefGen_V4,nitrate transporter -related similar to GB:CAB09794 from [Arabidopsis thaliana] (68408.m01358)
At5g60770,"AT1G08090|AT1G08090.1|Athaliana_Araport11, AT1G08100|AT1G08100.1|Athaliana_Araport11, AT3G45060|AT3G45060.1|Athaliana_Araport11, AT5G60770|AT5G60770.1|Athaliana_Araport11, AT5G60780|AT5G60780.1|Athaliana_Araport11","LOC_Os02g02170|LOC_Os02g02170.1|Osativa_v7.0, LOC_Os02g02190|LOC_Os02g02190.1|Osativa_v7.0","Sobic.004G009200|Sobic.004G009200.1|Sbicolor_v5.1, Sobic.004G009400|Sobic.004G009400.1|Sbicolor_v5.1, Sobic.004G009500|Sobic.004G009500.1|Sbicolor_v5.1","Seita.1G114900|Seita.1G114900.1|Sitalica_v2.2, Seita.1G115400|Seita.1G115400.1|Sitalica_v2.2, Seita.1G115700|Seita.1G115700.1|Sitalica_v2.2, Seita.1G115800|Seita.1G115800.1|Sitalica_v2.2, Seita.1G116000|Seita.1G116000.1|Sitalica_v2.2, Seita.1G116100|Seita.1G116100.1|Sitalica_v2.2","Solyc06G000379|Solyc06T000379.1|Slycopersicum_ITAG5.0, Solyc06G002352|Solyc06T002352.1|Slycopersicum_ITAG5.0, Solyc06G002352|Solyc06T002352.2|Slycopersicum_ITAG5.0, Solyc06G002352|Solyc06T002352.3|Slycopersicum_ITAG5.0, Solyc06G002352|Solyc06T002352.5|Slycopersicum_ITAG5.0, Solyc11G002335|Solyc11T002335.1|Slycopersicum_ITAG5.0","Zm00001d014976|Zm00001d014976_T001|Zmays_RefGen_V4, Zm00001d054057|Zm00001d054057_T001|Zmays_RefGen_V4, Zm00001d054060|Zm00001d054060_T001|Zmays_RefGen_V4","high-affinity nitrate transporter ACH1 - like protein high-affinity nitrate transporter ACH1, Arabidopsis thaliana, EMBL:AF019748 (68412.m06900)"
At1g37130,"AT1G37130|AT1G37130.1|Athaliana_Araport11, AT1G77760|AT1G77760.1|Athaliana_Araport11","LOC_Os02g53130|LOC_Os02g53130.1|Osativa_v7.0, LOC_Os08g36480|LOC_Os08g36480.1|Osativa_v7.0, LOC_Os08g36500|LOC_Os08g36500.1|Osativa_v7.0","Sobic.004G196101|Sobic.004G196101.1|Sbicolor_v5.1, Sobic.004G312500|Sobic.004G312500.1|Sbicolor_v5.1, Sobic.007G153900|Sobic.007G153900.1|Sbicolor_v5.1","Seita.1G212900|Seita.1G212900.1|Sitalica_v2.2, Seita.1G334700|Seita.1G334700.1|Sitalica_v2.2, Seita.6G178500|Seita.6G178500.1|Sitalica_v2.2",Solyc11G000794|Solyc11T000794.1|Slycopersicum_ITAG5.0,"Zm00001d017025|Zm00001d017025_T001|Zmays_RefGen_V4, Zm00001d018206|Zm00001d018206_T001|Zmays_RefGen_V4, Zm00001d031769|Zm00001d031769_T001|Zmays_RefGen_V4, Zm00001d049995|Zm00001d049995_T001|Zmays_RefGen_V4, Zm00001d052139|Zm00001d052139_T001|Zmays_RefGen_V4",nitrate reductase 2 (NR2) identical to SP|P11035 Nitrate reductase 2 (formerly EC 1.6.6.1) (NR2) {Arabidopsis thaliana} (68408.m04223)
At1g77760,"AT1G37130|AT1G37130.1|Athaliana_Araport11, AT1G77760|AT1G77760.1|Athaliana_Araport11","LOC_Os02g53130|LOC_Os02g53130.1|Osativa_v7.0, LOC_Os08g36480|LOC_Os08g36480.1|Osativa_v7.0, LOC_Os08g36500|LOC_Os08g36500.1|Osativa_v7.0","Sobic.004G196101|Sobic.004G196101.1|Sbicolor_v5.1, Sobic.004G312500|Sobic.004G312500.1|Sbicolor_v5.1, Sobic.007G153900|Sobic.007G153900.1|Sbicolor_v5.1","Seita.1G212900|Seita.1G212900.1|Sitalica_v2.2, Seita.1G334700|Seita.1G334700.1|Sitalica_v2.2, Seita.6G178500|Seita.6G178500.1|Sitalica_v2.2",Solyc11G000794|Solyc11T000794.1|Slycopersicum_ITAG5.0,"Zm00001d017025|Zm00001d017025_T001|Zmays_RefGen_V4, Zm00001d018206|Zm00001d018206_T001|Zmays_RefGen_V4, Zm00001d031769|Zm00001d031769_T001|Zmays_RefGen_V4, Zm00001d049995|Zm00001d049995_T001|Zmays_RefGen_V4, Zm00001d052139|Zm00001d052139_T001|Zmays_RefGen_V4",nitrate reductase 1 (NR1) identical to SP|P11832 Nitrate reductase 1 (formerly EC 1.6.6.1) (NR1){Arabidopsis thaliana} (68408.m08311)
At2g15620,AT2G15620|AT2G15620.1|Athaliana_Araport11,"LOC_Os01g25484|LOC_Os01g25484.1|Osativa_v7.0, LOC_Os01g25484|LOC_Os01g25484.2|Osativa_v7.0, LOC_Os01g25484|LOC_Os01g25484.3|Osativa_v7.0",Sobic.004G309300|Sobic.004G309300.1|Sbicolor_v5.1,Seita.1G331300|Seita.1G331300.1|Sitalica_v2.2,"Solyc01G004057|Solyc01T004057.1|Slycopersicum_ITAG5.0, Solyc10G001642|Solyc10T001642.1|Slycopersicum_ITAG5.0","Zm00001d018161|Zm00001d018161_T002|Zmays_RefGen_V4, Zm00001d052164|Zm00001d052164_T001|Zmays_RefGen_V4, Zm00001d052164|Zm00001d052164_T002|Zmays_RefGen_V4, Zm00001d052164|Zm00001d052164_T006|Zmays_RefGen_V4, Zm00001d052165|Zm00001d052165_T001|Zmays_RefGen_V4",ferredoxin--nitrite reductase (68409.m01603)
At3g24290,"AT1G64780|AT1G64780.1|Athaliana_Araport11, AT3G24290|AT3G24290.1|Athaliana_Araport11, AT3G24300|AT3G24300.1|Athaliana_Araport11, AT4G13510|AT4G13510.1|Athaliana_Araport11, AT4G28700|AT4G28700.1|Athaliana_Araport11","LOC_Os02g40710|LOC_Os02g40710.1|Osativa_v7.0, LOC_Os02g40730|LOC_Os02g40730.1|Osativa_v7.0, LOC_Os04g43070|LOC_Os04g43070.1|Osativa_v7.0","Sobic.004G217800|Sobic.004G217800.1|Sbicolor_v5.1, Sobic.006G143100|Sobic.006G143100.1|Sbicolor_v5.1, Sobic.006G143100|Sobic.006G143100.2|Sbicolor_v5.1, Sobic.006G143100|Sobic.006G143100.3|Sbicolor_v5.1, Sobic.006G143100|Sobic.006G143100.4|Sbicolor_v5.1","Seita.1G237300|Seita.1G237300.1|Sitalica_v2.2, Seita.7G162400|Seita.7G162400.1|Sitalica_v2.2","Solyc04G001514|Solyc04T001514.1|Slycopersicum_ITAG5.0, Solyc09G002600|Solyc09T002600.1|Slycopersicum_ITAG5.0","Zm00001d017249|Zm00001d017249_T001|Zmays_RefGen_V4, Zm00001d025831|Zm00001d025831_T001|Zmays_RefGen_V4","ammonium transporter -related similar to GB:AAD54638 from [Arabidopsis thaliana] (Plant Cell (1999) 11 (5), 937-948) (68410.m02783)"
At3g24300,"AT1G64780|AT1G64780.1|Athaliana_Araport11, AT3G24290|AT3G24290.1|Athaliana_Araport11, AT3G24300|AT3G24300.1|Athaliana_Araport11, AT4G13510|AT4G13510.1|Athaliana_Araport11, AT4G28700|AT4G28700.1|Athaliana_Araport11","LOC_Os02g40710|LOC_Os02g40710.1|Osativa_v7.0, LOC_Os02g40730|LOC_Os02g40730.1|Osativa_v7.0, LOC_Os04g43070|LOC_Os04g43070.1|Osativa_v7.0","Sobic.004G217800|Sobic.004G217800.1|Sbicolor_v5.1, Sobic.006G143100|Sobic.006G143100.1|Sbicolor_v5.1, Sobic.006G143100|Sobic.006G143100.2|Sbicolor_v5.1, Sobic.006G143100|Sobic.006G143100.3|Sbicolor_v5.1, Sobic.006G143100|Sobic.006G143100.4|Sbicolor_v5.1","Seita.1G237300|Seita.1G237300.1|Sitalica_v2.2, Seita.7G162400|Seita.7G162400.1|Sitalica_v2.2","Solyc04G001514|Solyc04T001514.1|Slycopersicum_ITAG5.0, Solyc09G002600|Solyc09T002600.1|Slycopersicum_ITAG5.0","Zm00001d017249|Zm00001d017249_T001|Zmays_RefGen_V4, Zm00001d025831|Zm00001d025831_T001|Zmays_RefGen_V4","ammonium transporter identical to GB:AAD54638 from [Arabidopsis thaliana] (Plant Cell (1999) 11 (5), 937-948) (68410.m02784)"
At4g13510,"AT1G64780|AT1G64780.1|Athaliana_Araport11, AT3G24290|AT3G24290.1|Athaliana_Araport11, AT3G24300|AT3G24300.1|Athaliana_Araport11, AT4G13510|AT4G13510.1|Athaliana_Araport11, AT4G28700|AT4G28700.1|Athaliana_Araport11","LOC_Os02g40710|LOC_Os02g40710.1|Osativa_v7.0, LOC_Os02g40730|LOC_Os02g40730.1|Osativa_v7.0, LOC_Os04g43070|LOC_Os04g43070.1|Osativa_v7.0","Sobic.004G217800|Sobic.004G217800.1|Sbicolor_v5.1, Sobic.006G143100|Sobic.006G143100.1|Sbicolor_v5.1, Sobic.006G143100|Sobic.006G143100.2|Sbicolor_v5.1, Sobic.006G143100|Sobic.006G143100.3|Sbicolor_v5.1, Sobic.006G143100|Sobic.006G143100.4|Sbicolor_v5.1","Seita.1G237300|Seita.1G237300.1|Sitalica_v2.2, Seita.7G162400|Seita.7G162400.1|Sitalica_v2.2","Solyc04G001514|Solyc04T001514.1|Slycopersicum_ITAG5.0, Solyc09G002600|Solyc09T002600.1|Slycopersicum_ITAG5.0","Zm00001d017249|Zm00001d017249_T001|Zmays_RefGen_V4, Zm00001d025831|Zm00001d025831_T001|Zmays_RefGen_V4",ammonium transport protein (AMT1) (68411.m01906)
At1g64780,"AT1G64780|AT1G64780.1|Athaliana_Araport11, AT3G24290|AT3G24290.1|Athaliana_Araport11, AT3G24300|AT3G24300.1|Athaliana_Araport11, AT4G13510|AT4G13510.1|Athaliana_Araport11, AT4G28700|AT4G28700.1|Athaliana_Araport11","LOC_Os02g40710|LOC_Os02g40710.1|Osativa_v7.0, LOC_Os02g40730|LOC_Os02g40730.1|Osativa_v7.0, LOC_Os04g43070|LOC_Os04g43070.1|Osativa_v7.0","Sobic.004G217800|Sobic.004G217800.1|Sbicolor_v5.1, Sobic.006G143100|Sobic.006G143100.1|Sbicolor_v5.1, Sobic.006G143100|Sobic.006G143100.2|Sbicolor_v5.1, Sobic.006G143100|Sobic.006G143100.3|Sbicolor_v5.1, Sobic.006G143100|Sobic.006G143100.4|Sbicolor_v5.1","Seita.1G237300|Seita.1G237300.1|Sitalica_v2.2, Seita.7G162400|Seita.7G162400.1|Sitalica_v2.2","Solyc04G001514|Solyc04T001514.1|Slycopersicum_ITAG5.0, Solyc09G002600|Solyc09T002600.1|Slycopersicum_ITAG5.0","Zm00001d017249|Zm00001d017249_T001|Zmays_RefGen_V4, Zm00001d025831|Zm00001d025831_T001|Zmays_RefGen_V4","ammonium transporter, puitative similar to ammonium transporter GI:5880357 from [Arabidopsis thaliana] (68408.m06731)"
At4g28700,"AT1G64780|AT1G64780.1|Athaliana_Araport11, AT3G24290|AT3G24290.1|Athaliana_Araport11, AT3G24300|AT3G24300.1|Athaliana_Araport11, AT4G13510|AT4G13510.1|Athaliana_Araport11, AT4G28700|AT4G28700.1|Athaliana_Araport11","LOC_Os02g40710|LOC_Os02g40710.1|Osativa_v7.0, LOC_Os02g40730|LOC_Os02g40730.1|Osativa_v7.0, LOC_Os04g43070|LOC_Os04g43070.1|Osativa_v7.0","Sobic.004G217800|Sobic.004G217800.1|Sbicolor_v5.1, Sobic.006G143100|Sobic.006G143100.1|Sbicolor_v5.1, Sobic.006G143100|Sobic.006G143100.2|Sbicolor_v5.1, Sobic.006G143100|Sobic.006G143100.3|Sbicolor_v5.1, Sobic.006G143100|Sobic.006G143100.4|Sbicolor_v5.1","Seita.1G237300|Seita.1G237300.1|Sitalica_v2.2, Seita.7G162400|Seita.7G162400.1|Sitalica_v2.2","Solyc04G001514|Solyc04T001514.1|Slycopersicum_ITAG5.0, Solyc09G002600|Solyc09T002600.1|Slycopersicum_ITAG5.0","Zm00001d017249|Zm00001d017249_T001|Zmays_RefGen_V4, Zm00001d025831|Zm00001d025831_T001|Zmays_RefGen_V4","ammonium transporter - like protein ammonium transporter, Lycopersicon esculentum, gb:X95098 (68411.m03738)"
At2g38290,AT2G38290|AT2G38290.1|Athaliana_Araport11,"LOC_Os01g42740|LOC_Os01g42740.1|Osativa_v7.0, LOC_Os01g61510|LOC_Os01g61510.1|Osativa_v7.0, LOC_Os01g61550|LOC_Os01g61550.1|Osativa_v7.0, LOC_Os01g65000|LOC_Os01g65000.1|Osativa_v7.0, LOC_Os02g34580|LOC_Os02g34580.1|Osativa_v7.0, LOC_Os03g62200|LOC_Os03g62200.1|Osativa_v7.0, LOC_Os05g39240|LOC_Os05g39240.1|Osativa_v7.0","Sobic.001G020401|Sobic.001G020401.1|Sbicolor_v5.1, Sobic.003G344700|Sobic.003G344700.1|Sbicolor_v5.1, Sobic.003G370400|Sobic.003G370400.1|Sbicolor_v5.1, Sobic.004G173200|Sobic.004G173200.3|Sbicolor_v5.1, Sobic.009G168700|Sobic.009G168700.1|Sbicolor_v5.1","Seita.1G189700|Seita.1G189700.1|Sitalica_v2.2, Seita.3G209900|Seita.3G209900.1|Sitalica_v2.2, Seita.5G368800|Seita.5G368800.1|Sitalica_v2.2, Seita.5G368900|Seita.5G368900.1|Sitalica_v2.2, Seita.5G395800|Seita.5G395800.1|Sitalica_v2.2, Seita.9G019500|Seita.9G019500.1|Sitalica_v2.2",Solyc10G002135|Solyc10T002135.1|Slycopersicum_ITAG5.0,"Zm00001d012261|Zm00001d012261_T001|Zmays_RefGen_V4, Zm00001d016771|Zm00001d016771_T001|Zmays_RefGen_V4, Zm00001d016771|Zm00001d016771_T002|Zmays_RefGen_V4, Zm00001d034782|Zm00001d034782_T001|Zmays_RefGen_V4, Zm00001d038412|Zm00001d038412_T001|Zmays_RefGen_V4",ammonium transporter -related (68409.m04254)
At5g18170,"AT3G03910|AT3G03910.1|Athaliana_Araport11, AT3G03910|AT3G03910.2|Athaliana_Araport11, AT5G07440|AT5G07440.1|Athaliana_Araport11, AT5G07440|AT5G07440.2|Athaliana_Araport11, AT5G18170|AT5G18170.1|Athaliana_Araport11","LOC_Os02g43470|LOC_Os02g43470.1|Osativa_v7.0, LOC_Os03g58040|LOC_Os03g58040.1|Osativa_v7.0, LOC_Os03g58040|LOC_Os03g58040.2|Osativa_v7.0, LOC_Os03g58040|LOC_Os03g58040.3|Osativa_v7.0","Sobic.001G059100|Sobic.001G059100.2|Sbicolor_v5.1, Sobic.006G165400|Sobic.006G165400.1|Sbicolor_v5.1","Seita.7G186100|Seita.7G186100.1|Sitalica_v2.2, Seita.9G057700|Seita.9G057700.1|Sitalica_v2.2","Solyc03G001936|Solyc03T001936.1|Slycopersicum_ITAG5.0, Solyc05G002330|Solyc05T002330.1|Slycopersicum_ITAG5.0, Solyc06G000581|Solyc06T000581.1|Slycopersicum_ITAG5.0, Solyc10G002249|Solyc10T002249.1|Slycopersicum_ITAG5.0","Zm00001d025984|Zm00001d025984_T001|Zmays_RefGen_V4, Zm00001d025984|Zm00001d025984_T003|Zmays_RefGen_V4, Zm00001d034420|Zm00001d034420_T002|Zmays_RefGen_V4, Zm00001d034420|Zm00001d034420_T005|Zmays_RefGen_V4, Zm00001d034420|Zm00001d034420_T007|Zmays_RefGen_V4, Zm00001d034420|Zm00001d034420_T009|Zmays_RefGen_V4",glutamate dehydrogenase (EC 1.4.1.-) 1 (pir||S71217) (68412.m01967)
At3g17820,"AT1G48470|AT1G48470.1|Athaliana_Araport11, AT1G66200|AT1G66200.1|Athaliana_Araport11, AT1G66200|AT1G66200.3|Athaliana_Araport11, AT3G17820|AT3G17820.1|Athaliana_Araport11, AT5G16570|AT5G16570.1|Athaliana_Araport11, AT5G35630|AT5G35630.1|Athaliana_Araport11, AT5G35630|AT5G35630.2|Athaliana_Araport11, AT5G35630|AT5G35630.3|Athaliana_Araport11, AT5G37600|AT5G37600.1|Athaliana_Araport11","LOC_Os02g50240|LOC_Os02g50240.1|Osativa_v7.0, LOC_Os03g12290|LOC_Os03g12290.1|Osativa_v7.0, LOC_Os03g50490|LOC_Os03g50490.1|Osativa_v7.0, LOC_Os04g56400|LOC_Os04g56400.1|Osativa_v7.0","Sobic.001G116400|Sobic.001G116400.2|Sbicolor_v5.1, Sobic.001G451500|Sobic.001G451500.1|Sbicolor_v5.1, Sobic.004G247000|Sobic.004G247000.1|Sbicolor_v5.1, Sobic.004G247000|Sobic.004G247000.4|Sbicolor_v5.1, Sobic.006G249400|Sobic.006G249400.1|Sbicolor_v5.1","Seita.1G311400|Seita.1G311400.1|Sitalica_v2.2, Seita.3G024100|Seita.3G024100.1|Sitalica_v2.2, Seita.9G118300|Seita.9G118300.1|Sitalica_v2.2, Seita.9G485600|Seita.9G485600.1|Sitalica_v2.2","Solyc01G002190|Solyc01T002190.1|Slycopersicum_ITAG5.0, Solyc04G000537|Solyc04T000537.1|Slycopersicum_ITAG5.0, Solyc05G002235|Solyc05T002235.1|Slycopersicum_ITAG5.0, Solyc11G000522|Solyc11T000522.1|Slycopersicum_ITAG5.0, Solyc12G001807|Solyc12T001807.1|Slycopersicum_ITAG5.0","Zm00001d017958|Zm00001d017958_T001|Zmays_RefGen_V4, Zm00001d026501|Zm00001d026501_T001|Zmays_RefGen_V4, Zm00001d028260|Zm00001d028260_T004|Zmays_RefGen_V4, Zm00001d033747|Zm00001d033747_T001|Zmays_RefGen_V4, Zm00001d051804|Zm00001d051804_T001|Zmays_RefGen_V4",glutamine synthetase -related similar to Gln synthetase GB:228456 from [Arabidopsis thaliana] (68410.m02048)
At3g03910,"AT3G03910|AT3G03910.1|Athaliana_Araport11, AT3G03910|AT3G03910.2|Athaliana_Araport11, AT5G07440|AT5G07440.1|Athaliana_Araport11, AT5G07440|AT5G07440.2|Athaliana_Araport11, AT5G18170|AT5G18170.1|Athaliana_Araport11","LOC_Os02g43470|LOC_Os02g43470.1|Osativa_v7.0, LOC_Os03g58040|LOC_Os03g58040.1|Osativa_v7.0, LOC_Os03g58040|LOC_Os03g58040.2|Osativa_v7.0, LOC_Os03g58040|LOC_Os03g58040.3|Osativa_v7.0","Sobic.001G059100|Sobic.001G059100.2|Sbicolor_v5.1, Sobic.006G165400|Sobic.006G165400.1|Sbicolor_v5.1","Seita.7G186100|Seita.7G186100.1|Sitalica_v2.2, Seita.9G057700|Seita.9G057700.1|Sitalica_v2.2","Solyc03G001936|Solyc03T001936.1|Slycopersicum_ITAG5.0, Solyc05G002330|Solyc05T002330.1|Slycopersicum_ITAG5.0, Solyc06G000581|Solyc06T000581.1|Slycopersicum_ITAG5.0, Solyc10G002249|Solyc10T002249.1|Slycopersicum_ITAG5.0","Zm00001d025984|Zm00001d025984_T001|Zmays_RefGen_V4, Zm00001d025984|Zm00001d025984_T003|Zmays_RefGen_V4, Zm00001d034420|Zm00001d034420_T002|Zmays_RefGen_V4, Zm00001d034420|Zm00001d034420_T005|Zmays_RefGen_V4, Zm00001d034420|Zm00001d034420_T007|Zmays_RefGen_V4, Zm00001d034420|Zm00001d034420_T009|Zmays_RefGen_V4",glutamate dehydrogenase -related similar to glutamate dehydrogenase 1 GB:S71217 [Arabidopsis thaliana]; identical to putative glutamate dehydrogenase GB:AAF00627 [Arabidopsis thaliana] (68410.m00375)
At1g51720,"AT1G51720|AT1G51720.1|Athaliana_Araport11, AT1G51720|AT1G51720.2|Athaliana_Araport11, AT1G51720|AT1G51720.3|Athaliana_Araport11, AT1G51720|AT1G51720.4|Athaliana_Araport11","LOC_Os01g37760|LOC_Os01g37760.1|Osativa_v7.0, LOC_Os01g37760|LOC_Os01g37760.2|Osativa_v7.0",Sobic.003G188400|Sobic.003G188400.1|Sbicolor_v5.1,Seita.5G198700|Seita.5G198700.1|Sitalica_v2.2,Solyc01G002029|Solyc01T002029.1|Slycopersicum_ITAG5.0,"Zm00001d044503|Zm00001d044503_T001|Zmays_RefGen_V4, Zm00001d044503|Zm00001d044503_T002|Zmays_RefGen_V4, Zm00001d044503|Zm00001d044503_T005|Zmays_RefGen_V4, Zm00001d044503|Zm00001d044503_T008|Zmays_RefGen_V4",NADP-specific glutatamate dehydrogenase -related similar to NADP-specific glutatamate dehydrogenase (NADP-GDH) SP:P28724 [Giardia lamblia (Giardia intestinalis)] (68408.m05349)
At5g07440,"AT3G03910|AT3G03910.1|Athaliana_Araport11, AT3G03910|AT3G03910.2|Athaliana_Araport11, AT5G07440|AT5G07440.1|Athaliana_Araport11, AT5G07440|AT5G07440.2|Athaliana_Araport11, AT5G18170|AT5G18170.1|Athaliana_Araport11","LOC_Os02g43470|LOC_Os02g43470.1|Osativa_v7.0, LOC_Os03g58040|LOC_Os03g58040.1|Osativa_v7.0, LOC_Os03g58040|LOC_Os03g58040.2|Osativa_v7.0, LOC_Os03g58040|LOC_Os03g58040.3|Osativa_v7.0","Sobic.001G059100|Sobic.001G059100.2|Sbicolor_v5.1, Sobic.006G165400|Sobic.006G165400.1|Sbicolor_v5.1","Seita.7G186100|Seita.7G186100.1|Sitalica_v2.2, Seita.9G057700|Seita.9G057700.1|Sitalica_v2.2","Solyc03G001936|Solyc03T001936.1|Slycopersicum_ITAG5.0, Solyc05G002330|Solyc05T002330.1|Slycopersicum_ITAG5.0, Solyc06G000581|Solyc06T000581.1|Slycopersicum_ITAG5.0, Solyc10G002249|Solyc10T002249.1|Slycopersicum_ITAG5.0","Zm00001d025984|Zm00001d025984_T001|Zmays_RefGen_V4, Zm00001d025984|Zm00001d025984_T003|Zmays_RefGen_V4, Zm00001d034420|Zm00001d034420_T002|Zmays_RefGen_V4, Zm00001d034420|Zm00001d034420_T005|Zmays_RefGen_V4, Zm00001d034420|Zm00001d034420_T007|Zmays_RefGen_V4, Zm00001d034420|Zm00001d034420_T009|Zmays_RefGen_V4",glutamate dehydrogenase 2 (68412.m00785)
At5g22300,AT5G22300|AT5G22300.1|Athaliana_Araport11,"LOC_Os02g42330|LOC_Os02g42330.1|Osativa_v7.0, LOC_Os02g42330|LOC_Os02g42330.2|Osativa_v7.0, LOC_Os02g42350|LOC_Os02g42350.1|Osativa_v7.0","Sobic.004G225000|Sobic.004G225000.1|Sbicolor_v5.1, Sobic.004G225100|Sobic.004G225100.1|Sbicolor_v5.1, Sobic.004G225200|Sobic.004G225200.1|Sbicolor_v5.1","Seita.1G245800|Seita.1G245800.1|Sitalica_v2.2, Seita.1G245900|Seita.1G245900.1|Sitalica_v2.2",Solyc11G002231|Solyc11T002231.1|Slycopersicum_ITAG5.0,"Zm00001d017352|Zm00001d017352_T002|Zmays_RefGen_V4, Zm00001d017352|Zm00001d017352_T003|Zmays_RefGen_V4, Zm00001d017352|Zm00001d017352_T008|Zmays_RefGen_V4, Zm00001d017352|Zm00001d017352_T009|Zmays_RefGen_V4, Zm00001d017352|Zm00001d017352_T012|Zmays_RefGen_V4, Zm00001d051214|Zm00001d051214_T001|Zmays_RefGen_V4",Nitrilase 4 (sp P46011) (68412.m02383)
At4g08790,AT4G08790|AT4G08790.1|Athaliana_Araport11,LOC_Os12g31830|LOC_Os12g31830.1|Osativa_v7.0,Sobic.008G104200|Sobic.008G104200.1|Sbicolor_v5.1,Seita.3G357400|Seita.3G357400.1|Sitalica_v2.2,Solyc05G002610|Solyc05T002610.1|Slycopersicum_ITAG5.0,"Zm00001d023729|Zm00001d023729_T001|Zmays_RefGen_V4, Zm00001d023729|Zm00001d023729_T002|Zmays_RefGen_V4, Zm00001d023729|Zm00001d023729_T003|Zmays_RefGen_V4, Zm00001d023729|Zm00001d023729_T004|Zmays_RefGen_V4, Zm00001d023729|Zm00001d023729_T005|Zmays_RefGen_V4","nitrilase 1 like protein nitrilase 1 - Mus musculus,PID:g3228668 (68411.m01305)"
At3g44300,"AT3G44300|AT3G44300.1|Athaliana_Araport11, AT3G44310|AT3G44310.1|Athaliana_Araport11, AT3G44310|AT3G44310.2|Athaliana_Araport11, AT3G44310|AT3G44310.3|Athaliana_Araport11, AT3G44310|AT3G44310.4|Athaliana_Araport11",,,,,,nitrilase 2 (68410.m04405)
At3g44320,,,,,,,nitrilase 3 (68410.m04408)
At3g44310,"AT3G44300|AT3G44300.1|Athaliana_Araport11, AT3G44310|AT3G44310.1|Athaliana_Araport11, AT3G44310|AT3G44310.2|Athaliana_Araport11, AT3G44310|AT3G44310.3|Athaliana_Araport11, AT3G44310|AT3G44310.4|Athaliana_Araport11",,,,,,nitrilase 1 (68410.m04407)
At5g15600,"AT5G15600|AT5G15600.1|Athaliana_Araport11, AT5G15600|AT5G15600.2|Athaliana_Araport11",,,,,,"nitrilase associated protein-related nitrilase associated protein NAP16kDa - Arabidopsis thaliana, EMBL:Z96936 (68412.m01686)"
At1g48470,"AT1G48470|AT1G48470.1|Athaliana_Araport11, AT1G66200|AT1G66200.1|Athaliana_Araport11, AT1G66200|AT1G66200.3|Athaliana_Araport11, AT3G17820|AT3G17820.1|Athaliana_Araport11, AT5G16570|AT5G16570.1|Athaliana_Araport11, AT5G35630|AT5G35630.1|Athaliana_Araport11, AT5G35630|AT5G35630.2|Athaliana_Araport11, AT5G35630|AT5G35630.3|Athaliana_Araport11, AT5G37600|AT5G37600.1|Athaliana_Araport11","LOC_Os02g50240|LOC_Os02g50240.1|Osativa_v7.0, LOC_Os03g12290|LOC_Os03g12290.1|Osativa_v7.0, LOC_Os03g50490|LOC_Os03g50490.1|Osativa_v7.0, LOC_Os04g56400|LOC_Os04g56400.1|Osativa_v7.0","Sobic.001G116400|Sobic.001G116400.2|Sbicolor_v5.1, Sobic.001G451500|Sobic.001G451500.1|Sbicolor_v5.1, Sobic.004G247000|Sobic.004G247000.1|Sbicolor_v5.1, Sobic.004G247000|Sobic.004G247000.4|Sbicolor_v5.1, Sobic.006G249400|Sobic.006G249400.1|Sbicolor_v5.1","Seita.1G311400|Seita.1G311400.1|Sitalica_v2.2, Seita.3G024100|Seita.3G024100.1|Sitalica_v2.2, Seita.9G118300|Seita.9G118300.1|Sitalica_v2.2, Seita.9G485600|Seita.9G485600.1|Sitalica_v2.2","Solyc01G002190|Solyc01T002190.1|Slycopersicum_ITAG5.0, Solyc04G000537|Solyc04T000537.1|Slycopersicum_ITAG5.0, Solyc05G002235|Solyc05T002235.1|Slycopersicum_ITAG5.0, Solyc11G000522|Solyc11T000522.1|Slycopersicum_ITAG5.0, Solyc12G001807|Solyc12T001807.1|Slycopersicum_ITAG5.0","Zm00001d017958|Zm00001d017958_T001|Zmays_RefGen_V4, Zm00001d026501|Zm00001d026501_T001|Zmays_RefGen_V4, Zm00001d028260|Zm00001d028260_T004|Zmays_RefGen_V4, Zm00001d033747|Zm00001d033747_T001|Zmays_RefGen_V4, Zm00001d051804|Zm00001d051804_T001|Zmays_RefGen_V4",glutamine synthetase -related similar to PIR:S18603 from [Arabidopsis thaliana] (68408.m04964)
At1g66200,"AT1G48470|AT1G48470.1|Athaliana_Araport11, AT1G66200|AT1G66200.1|Athaliana_Araport11, AT1G66200|AT1G66200.3|Athaliana_Araport11, AT3G17820|AT3G17820.1|Athaliana_Araport11, AT5G16570|AT5G16570.1|Athaliana_Araport11, AT5G35630|AT5G35630.1|Athaliana_Araport11, AT5G35630|AT5G35630.2|Athaliana_Araport11, AT5G35630|AT5G35630.3|Athaliana_Araport11, AT5G37600|AT5G37600.1|Athaliana_Araport11","LOC_Os02g50240|LOC_Os02g50240.1|Osativa_v7.0, LOC_Os03g12290|LOC_Os03g12290.1|Osativa_v7.0, LOC_Os03g50490|LOC_Os03g50490.1|Osativa_v7.0, LOC_Os04g56400|LOC_Os04g56400.1|Osativa_v7.0","Sobic.001G116400|Sobic.001G116400.2|Sbicolor_v5.1, Sobic.001G451500|Sobic.001G451500.1|Sbicolor_v5.1, Sobic.004G247000|Sobic.004G247000.1|Sbicolor_v5.1, Sobic.004G247000|Sobic.004G247000.4|Sbicolor_v5.1, Sobic.006G249400|Sobic.006G249400.1|Sbicolor_v5.1","Seita.1G311400|Seita.1G311400.1|Sitalica_v2.2, Seita.3G024100|Seita.3G024100.1|Sitalica_v2.2, Seita.9G118300|Seita.9G118300.1|Sitalica_v2.2, Seita.9G485600|Seita.9G485600.1|Sitalica_v2.2","Solyc01G002190|Solyc01T002190.1|Slycopersicum_ITAG5.0, Solyc04G000537|Solyc04T000537.1|Slycopersicum_ITAG5.0, Solyc05G002235|Solyc05T002235.1|Slycopersicum_ITAG5.0, Solyc11G000522|Solyc11T000522.1|Slycopersicum_ITAG5.0, Solyc12G001807|Solyc12T001807.1|Slycopersicum_ITAG5.0","Zm00001d017958|Zm00001d017958_T001|Zmays_RefGen_V4, Zm00001d026501|Zm00001d026501_T001|Zmays_RefGen_V4, Zm00001d028260|Zm00001d028260_T004|Zmays_RefGen_V4, Zm00001d033747|Zm00001d033747_T001|Zmays_RefGen_V4, Zm00001d051804|Zm00001d051804_T001|Zmays_RefGen_V4",glutamine synthetase -related similar to glutamine synthetase [Raphanus sativus] GI:1526564 (68408.m06892)
At5g16570,"AT1G48470|AT1G48470.1|Athaliana_Araport11, AT1G66200|AT1G66200.1|Athaliana_Araport11, AT1G66200|AT1G66200.3|Athaliana_Araport11, AT3G17820|AT3G17820.1|Athaliana_Araport11, AT5G16570|AT5G16570.1|Athaliana_Araport11, AT5G35630|AT5G35630.1|Athaliana_Araport11, AT5G35630|AT5G35630.2|Athaliana_Araport11, AT5G35630|AT5G35630.3|Athaliana_Araport11, AT5G37600|AT5G37600.1|Athaliana_Araport11","LOC_Os02g50240|LOC_Os02g50240.1|Osativa_v7.0, LOC_Os03g12290|LOC_Os03g12290.1|Osativa_v7.0, LOC_Os03g50490|LOC_Os03g50490.1|Osativa_v7.0, LOC_Os04g56400|LOC_Os04g56400.1|Osativa_v7.0","Sobic.001G116400|Sobic.001G116400.2|Sbicolor_v5.1, Sobic.001G451500|Sobic.001G451500.1|Sbicolor_v5.1, Sobic.004G247000|Sobic.004G247000.1|Sbicolor_v5.1, Sobic.004G247000|Sobic.004G247000.4|Sbicolor_v5.1, Sobic.006G249400|Sobic.006G249400.1|Sbicolor_v5.1","Seita.1G311400|Seita.1G311400.1|Sitalica_v2.2, Seita.3G024100|Seita.3G024100.1|Sitalica_v2.2, Seita.9G118300|Seita.9G118300.1|Sitalica_v2.2, Seita.9G485600|Seita.9G485600.1|Sitalica_v2.2","Solyc01G002190|Solyc01T002190.1|Slycopersicum_ITAG5.0, Solyc04G000537|Solyc04T000537.1|Slycopersicum_ITAG5.0, Solyc05G002235|Solyc05T002235.1|Slycopersicum_ITAG5.0, Solyc11G000522|Solyc11T000522.1|Slycopersicum_ITAG5.0, Solyc12G001807|Solyc12T001807.1|Slycopersicum_ITAG5.0","Zm00001d017958|Zm00001d017958_T001|Zmays_RefGen_V4, Zm00001d026501|Zm00001d026501_T001|Zmays_RefGen_V4, Zm00001d028260|Zm00001d028260_T004|Zmays_RefGen_V4, Zm00001d033747|Zm00001d033747_T001|Zmays_RefGen_V4, Zm00001d051804|Zm00001d051804_T001|Zmays_RefGen_V4",expressed protein (68412.m01787)
At5g37600,"AT1G48470|AT1G48470.1|Athaliana_Araport11, AT1G66200|AT1G66200.1|Athaliana_Araport11, AT1G66200|AT1G66200.3|Athaliana_Araport11, AT3G17820|AT3G17820.1|Athaliana_Araport11, AT5G16570|AT5G16570.1|Athaliana_Araport11, AT5G35630|AT5G35630.1|Athaliana_Araport11, AT5G35630|AT5G35630.2|Athaliana_Araport11, AT5G35630|AT5G35630.3|Athaliana_Araport11, AT5G37600|AT5G37600.1|Athaliana_Araport11","LOC_Os02g50240|LOC_Os02g50240.1|Osativa_v7.0, LOC_Os03g12290|LOC_Os03g12290.1|Osativa_v7.0, LOC_Os03g50490|LOC_Os03g50490.1|Osativa_v7.0, LOC_Os04g56400|LOC_Os04g56400.1|Osativa_v7.0","Sobic.001G116400|Sobic.001G116400.2|Sbicolor_v5.1, Sobic.001G451500|Sobic.001G451500.1|Sbicolor_v5.1, Sobic.004G247000|Sobic.004G247000.1|Sbicolor_v5.1, Sobic.004G247000|Sobic.004G247000.4|Sbicolor_v5.1, Sobic.006G249400|Sobic.006G249400.1|Sbicolor_v5.1","Seita.1G311400|Seita.1G311400.1|Sitalica_v2.2, Seita.3G024100|Seita.3G024100.1|Sitalica_v2.2, Seita.9G118300|Seita.9G118300.1|Sitalica_v2.2, Seita.9G485600|Seita.9G485600.1|Sitalica_v2.2","Solyc01G002190|Solyc01T002190.1|Slycopersicum_ITAG5.0, Solyc04G000537|Solyc04T000537.1|Slycopersicum_ITAG5.0, Solyc05G002235|Solyc05T002235.1|Slycopersicum_ITAG5.0, Solyc11G000522|Solyc11T000522.1|Slycopersicum_ITAG5.0, Solyc12G001807|Solyc12T001807.1|Slycopersicum_ITAG5.0","Zm00001d017958|Zm00001d017958_T001|Zmays_RefGen_V4, Zm00001d026501|Zm00001d026501_T001|Zmays_RefGen_V4, Zm00001d028260|Zm00001d028260_T004|Zmays_RefGen_V4, Zm00001d033747|Zm00001d033747_T001|Zmays_RefGen_V4, Zm00001d051804|Zm00001d051804_T001|Zmays_RefGen_V4",glutamate--ammonia ligase (68412.m04064)
At5g53460,"AT5G53460|AT5G53460.1|Athaliana_Araport11, AT5G53460|AT5G53460.2|Athaliana_Araport11, AT5G53460|AT5G53460.3|Athaliana_Araport11","LOC_Os01g48960|LOC_Os01g48960.1|Osativa_v7.0, LOC_Os05g48200|LOC_Os05g48200.1|Osativa_v7.0","Sobic.003G258800|Sobic.003G258800.1|Sbicolor_v5.1, Sobic.003G258800|Sobic.003G258800.2|Sbicolor_v5.1, Sobic.009G225700|Sobic.009G225700.1|Sbicolor_v5.1, Sobic.009G225700|Sobic.009G225700.2|Sbicolor_v5.1","Seita.3G153400|Seita.3G153400.1|Sitalica_v2.2, Seita.5G272500|Seita.5G272500.1|Sitalica_v2.2",Solyc03G001767|Solyc03T001767.1|Slycopersicum_ITAG5.0,"Zm00001d011610|Zm00001d011610_T001|Zmays_RefGen_V4, Zm00001d011610|Zm00001d011610_T003|Zmays_RefGen_V4, Zm00001d011610|Zm00001d011610_T028|Zmays_RefGen_V4, Zm00001d011610|Zm00001d011610_T029|Zmays_RefGen_V4, Zm00001d011610|Zm00001d011610_T038|Zmays_RefGen_V4, Zm00001d011610|Zm00001d011610_T055|Zmays_RefGen_V4, Zm00001d011610|Zm00001d011610_T056|Zmays_RefGen_V4, Zm00001d011610|Zm00001d011610_T062|Zmays_RefGen_V4, Zm00001d011610|Zm00001d011610_T067|Zmays_RefGen_V4, Zm00001d043845|Zm00001d043845_T001|Zmays_RefGen_V4, Zm00001d043845|Zm00001d043845_T005|Zmays_RefGen_V4, Zm00001d043845|Zm00001d043845_T014|Zmays_RefGen_V4, Zm00001d043845|Zm00001d043845_T019|Zmays_RefGen_V4, Zm00001d043845|Zm00001d043845_T033|Zmays_RefGen_V4, Zm00001d043845|Zm00001d043845_T034|Zmays_RefGen_V4, Zm00001d043845|Zm00001d043845_T038|Zmays_RefGen_V4, Zm00001d043845|Zm00001d043845_T041|Zmays_RefGen_V4, Zm00001d043845|Zm00001d043845_T050|Zmays_RefGen_V4","glutamate synthase [NADH], chloroplast, putative similar to SP|Q03460 Glutamate synthase [NADH], chloroplast precursor (EC 1.4.1.14) (NADH- GOGAT) {Medicago sativa} (68412.m06008)"
At3g14150,"AT3G14130|AT3G14130.2|Athaliana_Araport11, AT3G14130|AT3G14130.4|Athaliana_Araport11, AT3G14150|AT3G14150.1|Athaliana_Araport11, AT3G14150|AT3G14150.2|Athaliana_Araport11, AT3G14150|AT3G14150.3|Athaliana_Araport11, AT3G14150|AT3G14150.4|Athaliana_Araport11, AT3G14150|AT3G14150.5|Athaliana_Araport11, AT3G14150|AT3G14150.6|Athaliana_Araport11, AT3G14150|AT3G14150.7|Athaliana_Araport11",,,,,,"glycolate oxidase -related similar to GB:999542 from [Spinacia oleracea] (J. Biol. Chem. 264 (6), 3624-3628 (1989)), contains Pfam profile: PF01070 FMN-dependent dehydrogenase (68410.m01604)"
At3g14130,"AT3G14130|AT3G14130.1|Athaliana_Araport11, AT3G14130|AT3G14130.3|Athaliana_Araport11","LOC_Os07g42440|LOC_Os07g42440.1|Osativa_v7.0, LOC_Os07g42440|LOC_Os07g42440.2|Osativa_v7.0, LOC_Os07g42440|LOC_Os07g42440.3|Osativa_v7.0, LOC_Os07g42440|LOC_Os07g42440.4|Osativa_v7.0","Sobic.002G374650|Sobic.002G374650.2|Sbicolor_v5.1, Sobic.002G374700|Sobic.002G374700.1|Sbicolor_v5.1, Sobic.002G374700|Sobic.002G374700.2|Sbicolor_v5.1, Sobic.002G374700|Sobic.002G374700.3|Sbicolor_v5.1","Seita.2G389500|Seita.2G389500.1|Sitalica_v2.2, Seita.2G389600|Seita.2G389600.1|Sitalica_v2.2","Solyc03G003504|Solyc03T003504.2|Slycopersicum_ITAG5.0, Solyc03G003505|Solyc03T003505.1|Slycopersicum_ITAG5.0","Zm00001d006868|Zm00001d006868_T003|Zmays_RefGen_V4, Zm00001d006868|Zm00001d006868_T005|Zmays_RefGen_V4, Zm00001d006868|Zm00001d006868_T006|Zmays_RefGen_V4","glycolate oxidase -related similar to GB:999542 from [Spinacia oleracea] (J. Biol. Chem. 264 (6), 3624-3628 (1989)), contains Pfam profile: PF01070 FMN-dependent dehydrogenase (68410.m01602)"
At5g04140,"AT2G41220|AT2G41220.1|Athaliana_Araport11, AT5G04140|AT5G04140.1|Athaliana_Araport11, AT5G04140|AT5G04140.2|Athaliana_Araport11",LOC_Os07g46460|LOC_Os07g46460.1|Osativa_v7.0,"Sobic.002G402700|Sobic.002G402700.1|Sbicolor_v5.1, Sobic.002G402700|Sobic.002G402700.2|Sbicolor_v5.1",Seita.2G418200|Seita.2G418200.1|Sitalica_v2.2,Solyc03G001327|Solyc03T001327.1|Slycopersicum_ITAG5.0,Zm00001d022388|Zm00001d022388_T016|Zmays_RefGen_V4,glutamate synthase [ferredoxin] (ferredoxin-dependent glutamate synthase/glu1/Fd-GOGAT 1) identical to ferredoxin-dependent glutamate synthase precursor [Arabidopsis thaliana] GI:3869251 (68412.m08201)
At2g41220,"AT2G41220|AT2G41220.1|Athaliana_Araport11, AT5G04140|AT5G04140.1|Athaliana_Araport11, AT5G04140|AT5G04140.2|Athaliana_Araport11",LOC_Os07g46460|LOC_Os07g46460.1|Osativa_v7.0,"Sobic.002G402700|Sobic.002G402700.1|Sbicolor_v5.1, Sobic.002G402700|Sobic.002G402700.2|Sbicolor_v5.1",Seita.2G418200|Seita.2G418200.1|Sitalica_v2.2,Solyc03G001327|Solyc03T001327.1|Slycopersicum_ITAG5.0,Zm00001d022388|Zm00001d022388_T016|Zmays_RefGen_V4,"glutamate synthase [ferredoxin], chloroplast (ferredoxin-dependent glutamate synthase/glu2/Fd-GOGAT 2) identical to SP|Q9T0P4 Ferredoxin-dependent glutamate synthase 2, chloroplast precursor (EC 1.4.7.1) (Fd-GOGAT 2) {Arabidopsis thaliana} (68409.m04611)"
At3g53180,AT3G53180|AT3G53180.1|Athaliana_Araport11,"LOC_Os10g31820|LOC_Os10g31820.1|Osativa_v7.0, LOC_Os10g31820|LOC_Os10g31820.2|Osativa_v7.0",Sobic.001G231000|Sobic.001G231000.1|Sbicolor_v5.1,Seita.9G234400|Seita.9G234400.1|Sitalica_v2.2,"Solyc01G001337|Solyc01T001337.1|Slycopersicum_ITAG5.0, Solyc01G001341|Solyc01T001341.1|Slycopersicum_ITAG5.0, Solyc06G000392|Solyc06T000392.1|Slycopersicum_ITAG5.0","Zm00001d021367|Zm00001d021367_T001|Zmays_RefGen_V4, Zm00001d021367|Zm00001d021367_T002|Zmays_RefGen_V4, Zm00001d031055|Zm00001d031055_T001|Zmays_RefGen_V4, Zm00001d032815|Zm00001d032815_T001|Zmays_RefGen_V4, Zm00001d032815|Zm00001d032815_T002|Zmays_RefGen_V4, Zm00001d032815|Zm00001d032815_T003|Zmays_RefGen_V4, Zm00001d032815|Zm00001d032815_T004|Zmays_RefGen_V4, Zm00001d032815|Zm00001d032815_T005|Zmays_RefGen_V4, Zm00001d032815|Zm00001d032815_T006|Zmays_RefGen_V4, Zm00001d032815|Zm00001d032815_T007|Zmays_RefGen_V4, Zm00001d032815|Zm00001d032815_T008|Zmays_RefGen_V4, Zm00001d032815|Zm00001d032815_T009|Zmays_RefGen_V4, Zm00001d032815|Zm00001d032815_T010|Zmays_RefGen_V4, Zm00001d032815|Zm00001d032815_T011|Zmays_RefGen_V4, Zm00001d032815|Zm00001d032815_T013|Zmays_RefGen_V4, Zm00001d032815|Zm00001d032815_T014|Zmays_RefGen_V4, Zm00001d032815|Zm00001d032815_T015|Zmays_RefGen_V4, Zm00001d032815|Zm00001d032815_T016|Zmays_RefGen_V4, Zm00001d032815|Zm00001d032815_T017|Zmays_RefGen_V4, Zm00001d032815|Zm00001d032815_T018|Zmays_RefGen_V4, Zm00001d032815|Zm00001d032815_T022|Zmays_RefGen_V4, Zm00001d032815|Zm00001d032815_T023|Zmays_RefGen_V4, Zm00001d032815|Zm00001d032815_T024|Zmays_RefGen_V4, Zm00001d033947|Zm00001d033947_T001|Zmays_RefGen_V4, Zm00001d044569|Zm00001d044569_T001|Zmays_RefGen_V4, Zm00001d047936|Zm00001d047936_T001|Zmays_RefGen_V4","nodulin / glutamate-ammonia ligase - like protein MtN6 - nodulin 6, Medicago truncatula, EMBL:MET133118 (68410.m05427)"
At5g35630,"AT1G48470|AT1G48470.1|Athaliana_Araport11, AT1G66200|AT1G66200.1|Athaliana_Araport11, AT1G66200|AT1G66200.3|Athaliana_Araport11, AT3G17820|AT3G17820.1|Athaliana_Araport11, AT5G16570|AT5G16570.1|Athaliana_Araport11, AT5G35630|AT5G35630.1|Athaliana_Araport11, AT5G35630|AT5G35630.2|Athaliana_Araport11, AT5G35630|AT5G35630.3|Athaliana_Araport11, AT5G37600|AT5G37600.1|Athaliana_Araport11","LOC_Os02g50240|LOC_Os02g50240.1|Osativa_v7.0, LOC_Os03g12290|LOC_Os03g12290.1|Osativa_v7.0, LOC_Os03g50490|LOC_Os03g50490.1|Osativa_v7.0, LOC_Os04g56400|LOC_Os04g56400.1|Osativa_v7.0","Sobic.001G116400|Sobic.001G116400.2|Sbicolor_v5.1, Sobic.001G451500|Sobic.001G451500.1|Sbicolor_v5.1, Sobic.004G247000|Sobic.004G247000.1|Sbicolor_v5.1, Sobic.004G247000|Sobic.004G247000.4|Sbicolor_v5.1, Sobic.006G249400|Sobic.006G249400.1|Sbicolor_v5.1","Seita.1G311400|Seita.1G311400.1|Sitalica_v2.2, Seita.3G024100|Seita.3G024100.1|Sitalica_v2.2, Seita.9G118300|Seita.9G118300.1|Sitalica_v2.2, Seita.9G485600|Seita.9G485600.1|Sitalica_v2.2","Solyc01G002190|Solyc01T002190.1|Slycopersicum_ITAG5.0, Solyc04G000537|Solyc04T000537.1|Slycopersicum_ITAG5.0, Solyc05G002235|Solyc05T002235.1|Slycopersicum_ITAG5.0, Solyc11G000522|Solyc11T000522.1|Slycopersicum_ITAG5.0, Solyc12G001807|Solyc12T001807.1|Slycopersicum_ITAG5.0","Zm00001d017958|Zm00001d017958_T001|Zmays_RefGen_V4, Zm00001d026501|Zm00001d026501_T001|Zmays_RefGen_V4, Zm00001d028260|Zm00001d028260_T004|Zmays_RefGen_V4, Zm00001d033747|Zm00001d033747_T001|Zmays_RefGen_V4, Zm00001d051804|Zm00001d051804_T001|Zmays_RefGen_V4","glutamate-ammonia ligase (EC 6.3.1.2) precursor, chloroplast (clone lambdaAtgsl1) (pir||S18600) (68412.m03829)"
At2g02000,"AT1G65960|AT1G65960.2|Athaliana_Araport11, AT2G02000|AT2G02000.1|Athaliana_Araport11, AT2G02010|AT2G02010.1|Athaliana_Araport11, AT2G02010|AT2G02010.2|Athaliana_Araport11, AT3G17760|AT3G17760.1|Athaliana_Araport11, AT3G17760|AT3G17760.2|Athaliana_Araport11, AT5G17330|AT5G17330.1|Athaliana_Araport11","LOC_Os03g13300|LOC_Os03g13300.1|Osativa_v7.0, LOC_Os03g51080|LOC_Os03g51080.1|Osativa_v7.0, LOC_Os04g37460|LOC_Os04g37460.1|Osativa_v7.0, LOC_Os04g37500|LOC_Os04g37500.1|Osativa_v7.0, LOC_Os08g36320|LOC_Os08g36320.2|Osativa_v7.0, LOC_Os08g36320|LOC_Os08g36320.3|Osativa_v7.0, LOC_Os08g36320|LOC_Os08g36320.4|Osativa_v7.0, LOC_Os08g36320|LOC_Os08g36320.5|Osativa_v7.0","Sobic.001G111000|Sobic.001G111000.1|Sbicolor_v5.1, Sobic.001G443800|Sobic.001G443800.1|Sbicolor_v5.1, Sobic.006G095700|Sobic.006G095700.1|Sbicolor_v5.1, Sobic.006G096500|Sobic.006G096500.1|Sbicolor_v5.1, Sobic.007G152800|Sobic.007G152800.2|Sbicolor_v5.1, Sobic.007G152800|Sobic.007G152800.3|Sbicolor_v5.1","Seita.6G177000|Seita.6G177000.1|Sitalica_v2.2, Seita.7G113800|Seita.7G113800.1|Sitalica_v2.2, Seita.7G115400|Seita.7G115400.1|Sitalica_v2.2, Seita.9G113300|Seita.9G113300.1|Sitalica_v2.2, Seita.9G476700|Seita.9G476700.1|Sitalica_v2.2, Seita.9G476700|Seita.9G476700.2|Sitalica_v2.2","Solyc01G000002|Solyc01T000002.1|Slycopersicum_ITAG5.0, Solyc03G002270|Solyc03T002270.1|Slycopersicum_ITAG5.0, Solyc04G001008|Solyc04T001008.1|Slycopersicum_ITAG5.0, Solyc05G002521|Solyc05T002521.1|Slycopersicum_ITAG5.0, Solyc11G000570|Solyc11T000570.1|Slycopersicum_ITAG5.0","Zm00001d003522|Zm00001d003522_T001|Zmays_RefGen_V4, Zm00001d003531|Zm00001d003531_T002|Zmays_RefGen_V4, Zm00001d003531|Zm00001d003531_T003|Zmays_RefGen_V4, Zm00001d031749|Zm00001d031749_T001|Zmays_RefGen_V4, Zm00001d031749|Zm00001d031749_T002|Zmays_RefGen_V4, Zm00001d031749|Zm00001d031749_T003|Zmays_RefGen_V4, Zm00001d033805|Zm00001d033805_T001|Zmays_RefGen_V4, Zm00001d047981|Zm00001d047981_T001|Zmays_RefGen_V4",glutamate decarboxylase (68409.m00115)
At1g65960,"AT1G65960|AT1G65960.2|Athaliana_Araport11, AT2G02000|AT2G02000.1|Athaliana_Araport11, AT2G02010|AT2G02010.1|Athaliana_Araport11, AT2G02010|AT2G02010.2|Athaliana_Araport11, AT3G17760|AT3G17760.1|Athaliana_Araport11, AT3G17760|AT3G17760.2|Athaliana_Araport11, AT5G17330|AT5G17330.1|Athaliana_Araport11","LOC_Os03g13300|LOC_Os03g13300.1|Osativa_v7.0, LOC_Os03g51080|LOC_Os03g51080.1|Osativa_v7.0, LOC_Os04g37460|LOC_Os04g37460.1|Osativa_v7.0, LOC_Os04g37500|LOC_Os04g37500.1|Osativa_v7.0, LOC_Os08g36320|LOC_Os08g36320.2|Osativa_v7.0, LOC_Os08g36320|LOC_Os08g36320.3|Osativa_v7.0, LOC_Os08g36320|LOC_Os08g36320.4|Osativa_v7.0, LOC_Os08g36320|LOC_Os08g36320.5|Osativa_v7.0","Sobic.001G111000|Sobic.001G111000.1|Sbicolor_v5.1, Sobic.001G443800|Sobic.001G443800.1|Sbicolor_v5.1, Sobic.006G095700|Sobic.006G095700.1|Sbicolor_v5.1, Sobic.006G096500|Sobic.006G096500.1|Sbicolor_v5.1, Sobic.007G152800|Sobic.007G152800.2|Sbicolor_v5.1, Sobic.007G152800|Sobic.007G152800.3|Sbicolor_v5.1","Seita.6G177000|Seita.6G177000.1|Sitalica_v2.2, Seita.7G113800|Seita.7G113800.1|Sitalica_v2.2, Seita.7G115400|Seita.7G115400.1|Sitalica_v2.2, Seita.9G113300|Seita.9G113300.1|Sitalica_v2.2, Seita.9G476700|Seita.9G476700.1|Sitalica_v2.2, Seita.9G476700|Seita.9G476700.2|Sitalica_v2.2","Solyc01G000002|Solyc01T000002.1|Slycopersicum_ITAG5.0, Solyc03G002270|Solyc03T002270.1|Slycopersicum_ITAG5.0, Solyc04G001008|Solyc04T001008.1|Slycopersicum_ITAG5.0, Solyc05G002521|Solyc05T002521.1|Slycopersicum_ITAG5.0, Solyc11G000570|Solyc11T000570.1|Slycopersicum_ITAG5.0","Zm00001d003522|Zm00001d003522_T001|Zmays_RefGen_V4, Zm00001d003531|Zm00001d003531_T002|Zmays_RefGen_V4, Zm00001d003531|Zm00001d003531_T003|Zmays_RefGen_V4, Zm00001d031749|Zm00001d031749_T001|Zmays_RefGen_V4, Zm00001d031749|Zm00001d031749_T002|Zmays_RefGen_V4, Zm00001d031749|Zm00001d031749_T003|Zmays_RefGen_V4, Zm00001d033805|Zm00001d033805_T001|Zmays_RefGen_V4, Zm00001d047981|Zm00001d047981_T001|Zmays_RefGen_V4",glutamate decarboxylase 2 (GAD 2) similar to glutamate decarboxylase (gad) GI:294111 from [Petunia hybrida] (68408.m06863)
At5g17330,"AT1G65960|AT1G65960.2|Athaliana_Araport11, AT2G02000|AT2G02000.1|Athaliana_Araport11, AT2G02010|AT2G02010.1|Athaliana_Araport11, AT2G02010|AT2G02010.2|Athaliana_Araport11, AT3G17760|AT3G17760.1|Athaliana_Araport11, AT3G17760|AT3G17760.2|Athaliana_Araport11, AT5G17330|AT5G17330.1|Athaliana_Araport11","LOC_Os03g13300|LOC_Os03g13300.1|Osativa_v7.0, LOC_Os03g51080|LOC_Os03g51080.1|Osativa_v7.0, LOC_Os04g37460|LOC_Os04g37460.1|Osativa_v7.0, LOC_Os04g37500|LOC_Os04g37500.1|Osativa_v7.0, LOC_Os08g36320|LOC_Os08g36320.2|Osativa_v7.0, LOC_Os08g36320|LOC_Os08g36320.3|Osativa_v7.0, LOC_Os08g36320|LOC_Os08g36320.4|Osativa_v7.0, LOC_Os08g36320|LOC_Os08g36320.5|Osativa_v7.0","Sobic.001G111000|Sobic.001G111000.1|Sbicolor_v5.1, Sobic.001G443800|Sobic.001G443800.1|Sbicolor_v5.1, Sobic.006G095700|Sobic.006G095700.1|Sbicolor_v5.1, Sobic.006G096500|Sobic.006G096500.1|Sbicolor_v5.1, Sobic.007G152800|Sobic.007G152800.2|Sbicolor_v5.1, Sobic.007G152800|Sobic.007G152800.3|Sbicolor_v5.1","Seita.6G177000|Seita.6G177000.1|Sitalica_v2.2, Seita.7G113800|Seita.7G113800.1|Sitalica_v2.2, Seita.7G115400|Seita.7G115400.1|Sitalica_v2.2, Seita.9G113300|Seita.9G113300.1|Sitalica_v2.2, Seita.9G476700|Seita.9G476700.1|Sitalica_v2.2, Seita.9G476700|Seita.9G476700.2|Sitalica_v2.2","Solyc01G000002|Solyc01T000002.1|Slycopersicum_ITAG5.0, Solyc03G002270|Solyc03T002270.1|Slycopersicum_ITAG5.0, Solyc04G001008|Solyc04T001008.1|Slycopersicum_ITAG5.0, Solyc05G002521|Solyc05T002521.1|Slycopersicum_ITAG5.0, Solyc11G000570|Solyc11T000570.1|Slycopersicum_ITAG5.0","Zm00001d003522|Zm00001d003522_T001|Zmays_RefGen_V4, Zm00001d003531|Zm00001d003531_T002|Zmays_RefGen_V4, Zm00001d003531|Zm00001d003531_T003|Zmays_RefGen_V4, Zm00001d031749|Zm00001d031749_T001|Zmays_RefGen_V4, Zm00001d031749|Zm00001d031749_T002|Zmays_RefGen_V4, Zm00001d031749|Zm00001d031749_T003|Zmays_RefGen_V4, Zm00001d033805|Zm00001d033805_T001|Zmays_RefGen_V4, Zm00001d047981|Zm00001d047981_T001|Zmays_RefGen_V4",glutamate decarboxylase 1 (GAD 1) sp|Q42521 (68412.m01869)
At3g17760,"AT1G65960|AT1G65960.2|Athaliana_Araport11, AT2G02000|AT2G02000.1|Athaliana_Araport11, AT2G02010|AT2G02010.1|Athaliana_Araport11, AT2G02010|AT2G02010.2|Athaliana_Araport11, AT3G17760|AT3G17760.1|Athaliana_Araport11, AT3G17760|AT3G17760.2|Athaliana_Araport11, AT5G17330|AT5G17330.1|Athaliana_Araport11","LOC_Os03g13300|LOC_Os03g13300.1|Osativa_v7.0, LOC_Os03g51080|LOC_Os03g51080.1|Osativa_v7.0, LOC_Os04g37460|LOC_Os04g37460.1|Osativa_v7.0, LOC_Os04g37500|LOC_Os04g37500.1|Osativa_v7.0, LOC_Os08g36320|LOC_Os08g36320.2|Osativa_v7.0, LOC_Os08g36320|LOC_Os08g36320.3|Osativa_v7.0, LOC_Os08g36320|LOC_Os08g36320.4|Osativa_v7.0, LOC_Os08g36320|LOC_Os08g36320.5|Osativa_v7.0","Sobic.001G111000|Sobic.001G111000.1|Sbicolor_v5.1, Sobic.001G443800|Sobic.001G443800.1|Sbicolor_v5.1, Sobic.006G095700|Sobic.006G095700.1|Sbicolor_v5.1, Sobic.006G096500|Sobic.006G096500.1|Sbicolor_v5.1, Sobic.007G152800|Sobic.007G152800.2|Sbicolor_v5.1, Sobic.007G152800|Sobic.007G152800.3|Sbicolor_v5.1","Seita.6G177000|Seita.6G177000.1|Sitalica_v2.2, Seita.7G113800|Seita.7G113800.1|Sitalica_v2.2, Seita.7G115400|Seita.7G115400.1|Sitalica_v2.2, Seita.9G113300|Seita.9G113300.1|Sitalica_v2.2, Seita.9G476700|Seita.9G476700.1|Sitalica_v2.2, Seita.9G476700|Seita.9G476700.2|Sitalica_v2.2","Solyc01G000002|Solyc01T000002.1|Slycopersicum_ITAG5.0, Solyc03G002270|Solyc03T002270.1|Slycopersicum_ITAG5.0, Solyc04G001008|Solyc04T001008.1|Slycopersicum_ITAG5.0, Solyc05G002521|Solyc05T002521.1|Slycopersicum_ITAG5.0, Solyc11G000570|Solyc11T000570.1|Slycopersicum_ITAG5.0","Zm00001d003522|Zm00001d003522_T001|Zmays_RefGen_V4, Zm00001d003531|Zm00001d003531_T002|Zmays_RefGen_V4, Zm00001d003531|Zm00001d003531_T003|Zmays_RefGen_V4, Zm00001d031749|Zm00001d031749_T001|Zmays_RefGen_V4, Zm00001d031749|Zm00001d031749_T002|Zmays_RefGen_V4, Zm00001d031749|Zm00001d031749_T003|Zmays_RefGen_V4, Zm00001d033805|Zm00001d033805_T001|Zmays_RefGen_V4, Zm00001d047981|Zm00001d047981_T001|Zmays_RefGen_V4","glutamate decarboxylase similar to glutamate decarboxylase GB:Q07346 [Petunia x hybrida] (J. Biol. Chem. 268 (26), 19610-19617 (1993)) (68410.m02042)"
At2g02010,"AT1G65960|AT1G65960.2|Athaliana_Araport11, AT2G02000|AT2G02000.1|Athaliana_Araport11, AT2G02010|AT2G02010.1|Athaliana_Araport11, AT2G02010|AT2G02010.2|Athaliana_Araport11, AT3G17760|AT3G17760.1|Athaliana_Araport11, AT3G17760|AT3G17760.2|Athaliana_Araport11, AT5G17330|AT5G17330.1|Athaliana_Araport11","LOC_Os03g13300|LOC_Os03g13300.1|Osativa_v7.0, LOC_Os03g51080|LOC_Os03g51080.1|Osativa_v7.0, LOC_Os04g37460|LOC_Os04g37460.1|Osativa_v7.0, LOC_Os04g37500|LOC_Os04g37500.1|Osativa_v7.0, LOC_Os08g36320|LOC_Os08g36320.2|Osativa_v7.0, LOC_Os08g36320|LOC_Os08g36320.3|Osativa_v7.0, LOC_Os08g36320|LOC_Os08g36320.4|Osativa_v7.0, LOC_Os08g36320|LOC_Os08g36320.5|Osativa_v7.0","Sobic.001G111000|Sobic.001G111000.1|Sbicolor_v5.1, Sobic.001G443800|Sobic.001G443800.1|Sbicolor_v5.1, Sobic.006G095700|Sobic.006G095700.1|Sbicolor_v5.1, Sobic.006G096500|Sobic.006G096500.1|Sbicolor_v5.1, Sobic.007G152800|Sobic.007G152800.2|Sbicolor_v5.1, Sobic.007G152800|Sobic.007G152800.3|Sbicolor_v5.1","Seita.6G177000|Seita.6G177000.1|Sitalica_v2.2, Seita.7G113800|Seita.7G113800.1|Sitalica_v2.2, Seita.7G115400|Seita.7G115400.1|Sitalica_v2.2, Seita.9G113300|Seita.9G113300.1|Sitalica_v2.2, Seita.9G476700|Seita.9G476700.1|Sitalica_v2.2, Seita.9G476700|Seita.9G476700.2|Sitalica_v2.2","Solyc01G000002|Solyc01T000002.1|Slycopersicum_ITAG5.0, Solyc03G002270|Solyc03T002270.1|Slycopersicum_ITAG5.0, Solyc04G001008|Solyc04T001008.1|Slycopersicum_ITAG5.0, Solyc05G002521|Solyc05T002521.1|Slycopersicum_ITAG5.0, Solyc11G000570|Solyc11T000570.1|Slycopersicum_ITAG5.0","Zm00001d003522|Zm00001d003522_T001|Zmays_RefGen_V4, Zm00001d003531|Zm00001d003531_T002|Zmays_RefGen_V4, Zm00001d003531|Zm00001d003531_T003|Zmays_RefGen_V4, Zm00001d031749|Zm00001d031749_T001|Zmays_RefGen_V4, Zm00001d031749|Zm00001d031749_T002|Zmays_RefGen_V4, Zm00001d031749|Zm00001d031749_T003|Zmays_RefGen_V4, Zm00001d033805|Zm00001d033805_T001|Zmays_RefGen_V4, Zm00001d047981|Zm00001d047981_T001|Zmays_RefGen_V4",glutamate decarboxylase (68409.m00116)
At1g62800,"AT1G62800|AT1G62800.1|Athaliana_Araport11, AT1G62800|AT1G62800.2|Athaliana_Araport11, AT5G11520|AT5G11520.1|Athaliana_Araport11, AT5G19550|AT5G19550.1|Athaliana_Araport11","LOC_Os01g55540|LOC_Os01g55540.1|Osativa_v7.0, LOC_Os01g55540|LOC_Os01g55540.2|Osativa_v7.0",Sobic.003G303300|Sobic.003G303300.1|Sbicolor_v5.1,Seita.5G326000|Seita.5G326000.1|Sitalica_v2.2,"Solyc07G001196|Solyc07T001196.2|Slycopersicum_ITAG5.0, Solyc07G001196|Solyc07T001196.3|Slycopersicum_ITAG5.0, Solyc08G001610|Solyc08T001610.1|Slycopersicum_ITAG5.0","Zm00001d043382|Zm00001d043382_T002|Zmays_RefGen_V4, Zm00001d043382|Zm00001d043382_T004|Zmays_RefGen_V4","aspartate aminotransferase, cytoplasmic isozyme 2 (transaminase A/Asp4) identical to aspartate aminotransferase, cytoplasmic isozyme 2 SP:P46646 [Arabidopsis thaliana] (68408.m08832)"
At5g19550,"AT1G62800|AT1G62800.1|Athaliana_Araport11, AT1G62800|AT1G62800.2|Athaliana_Araport11, AT5G11520|AT5G11520.1|Athaliana_Araport11, AT5G19550|AT5G19550.1|Athaliana_Araport11","LOC_Os01g55540|LOC_Os01g55540.1|Osativa_v7.0, LOC_Os01g55540|LOC_Os01g55540.2|Osativa_v7.0",Sobic.003G303300|Sobic.003G303300.1|Sbicolor_v5.1,Seita.5G326000|Seita.5G326000.1|Sitalica_v2.2,"Solyc07G001196|Solyc07T001196.2|Slycopersicum_ITAG5.0, Solyc07G001196|Solyc07T001196.3|Slycopersicum_ITAG5.0, Solyc08G001610|Solyc08T001610.1|Slycopersicum_ITAG5.0","Zm00001d043382|Zm00001d043382_T002|Zmays_RefGen_V4, Zm00001d043382|Zm00001d043382_T004|Zmays_RefGen_V4","aspartate aminotransferase, cytoplasmic isozyme 1 (transaminase A/Asp2) identical to SP|P46645 Aspartate aminotransferase, cytoplasmic isozyme 1 (EC 2.6.1.1) (Transaminase A) {Arabidopsis thaliana} (68412.m02132)"
At2g30970,"AT2G30970|AT2G30970.1|Athaliana_Araport11, AT2G30970|AT2G30970.2|Athaliana_Araport11","LOC_Os02g14110|LOC_Os02g14110.1|Osativa_v7.0, LOC_Os06g35540|LOC_Os06g35540.1|Osativa_v7.0",Sobic.004G104700|Sobic.004G104700.1|Sbicolor_v5.1,"Seita.1G023500|Seita.1G023500.1|Sitalica_v2.2, Seita.1G023500|Seita.1G023500.2|Sitalica_v2.2, Seita.4G177400|Seita.4G177400.1|Sitalica_v2.2",Solyc07G002226|Solyc07T002226.1|Slycopersicum_ITAG5.0,"Zm00001d016198|Zm00001d016198_T003|Zmays_RefGen_V4, Zm00001d016198|Zm00001d016198_T004|Zmays_RefGen_V4","aspartate aminotransferase, mitochondrial (transaminase A/Asp1) identical to SP|P46643 Aspartate aminotransferase, mitochondrial precursor (EC 2.6.1.1) (Transaminase A) {Arabidopsis thaliana} (68409.m03419)"
At4g31990,"AT4G31990|AT4G31990.1|Athaliana_Araport11, AT4G31990|AT4G31990.2|Athaliana_Araport11, AT4G31990|AT4G31990.3|Athaliana_Araport11, AT4G31990|AT4G31990.4|Athaliana_Araport11",LOC_Os02g55420|LOC_Os02g55420.1|Osativa_v7.0,Sobic.004G331700|Sobic.004G331700.1|Sbicolor_v5.1,"Seita.1G352200|Seita.1G352200.1|Sitalica_v2.2, Seita.1G352200|Seita.1G352200.2|Sitalica_v2.2","Solyc08G000830|Solyc08T000830.1|Slycopersicum_ITAG5.0, Solyc08G000830|Solyc08T000830.2|Slycopersicum_ITAG5.0","Zm00001d018386|Zm00001d018386_T001|Zmays_RefGen_V4, Zm00001d018386|Zm00001d018386_T002|Zmays_RefGen_V4, Zm00001d018386|Zm00001d018386_T003|Zmays_RefGen_V4","aspartate aminotransferase, chloroplast (transaminase A/AAT1/Asp5) nearly identical to SP|P46248 Aspartate aminotransferase, chloroplast precursor (EC 2.6.1.1) (Transaminase A) {Arabidopsis thaliana} (68411.m05384)"
At2g22250,"AT2G22250|AT2G22250.1|Athaliana_Araport11, AT2G22250|AT2G22250.2|Athaliana_Araport11, AT2G22250|AT2G22250.3|Athaliana_Araport11","LOC_Os01g65090|LOC_Os01g65090.1|Osativa_v7.0, LOC_Os01g65090|LOC_Os01g65090.2|Osativa_v7.0","Sobic.003G370800|Sobic.003G370800.1|Sbicolor_v5.1, Sobic.003G370800|Sobic.003G370800.2|Sbicolor_v5.1, Sobic.003G370800|Sobic.003G370800.3|Sbicolor_v5.1, Sobic.009G149400|Sobic.009G149400.1|Sbicolor_v5.1",Seita.3G231000|Seita.3G231000.1|Sitalica_v2.2,Solyc04G001822|Solyc04T001822.1|Slycopersicum_ITAG5.0,"Zm00001d010190|Zm00001d010190_T002|Zmays_RefGen_V4, Zm00001d042685|Zm00001d042685_T001|Zmays_RefGen_V4, Zm00001d042685|Zm00001d042685_T002|Zmays_RefGen_V4, Zm00001d042685|Zm00001d042685_T003|Zmays_RefGen_V4, Zm00001d042685|Zm00001d042685_T004|Zmays_RefGen_V4","aspartate aminotransferase family similar to aspartate aminotransferase from Bacillus stearothermophilus SP|Q59228, Thermus aquaticus SP|O33822; contains Pfam profile PF00155 aminotransferase, classes I and II (68409.m02394)"
At2g13810,"AT2G13810|AT2G13810.1|Athaliana_Araport11, AT4G33680|AT4G33680.1|Athaliana_Araport11",LOC_Os03g18810|LOC_Os03g18810.1|Osativa_v7.0,Sobic.001G401700|Sobic.001G401700.1|Sbicolor_v5.1,"Seita.2G390500|Seita.2G390500.1|Sitalica_v2.2, Seita.9G435700|Seita.9G435700.1|Sitalica_v2.2","Solyc06G002180|Solyc06T002180.1|Slycopersicum_ITAG5.0, Solyc11G001520|Solyc11T001520.1|Slycopersicum_ITAG5.0",Zm00001d028810|Zm00001d028810_T001|Zmays_RefGen_V4,"aminotransferase family low similarity to Aromatic Aminotransferase from Pyrococcus horikoshii GP|14278621; contains Pfam profile PF00155 aminotransferase, classes I and II (68409.m01383)"
At4g33680,"AT2G13810|AT2G13810.1|Athaliana_Araport11, AT4G33680|AT4G33680.1|Athaliana_Araport11",LOC_Os03g18810|LOC_Os03g18810.1|Osativa_v7.0,Sobic.001G401700|Sobic.001G401700.1|Sbicolor_v5.1,"Seita.2G390500|Seita.2G390500.1|Sitalica_v2.2, Seita.9G435700|Seita.9G435700.1|Sitalica_v2.2","Solyc06G002180|Solyc06T002180.1|Slycopersicum_ITAG5.0, Solyc11G001520|Solyc11T001520.1|Slycopersicum_ITAG5.0",Zm00001d028810|Zm00001d028810_T001|Zmays_RefGen_V4,"aminotransferase family low similarity to Aromatic Aminotransferase from Pyrococcus horikoshii GP|14278621; contains Pfam profile PF00155 aminotransferase, classes I and II (68411.m04350)"
At5g10240,"AT3G47340|AT3G47340.1|Athaliana_Araport11, AT3G47340|AT3G47340.2|Athaliana_Araport11, AT3G47340|AT3G47340.3|Athaliana_Araport11, AT3G47340|AT3G47340.4|Athaliana_Araport11, AT5G10240|AT5G10240.1|Athaliana_Araport11, AT5G10240|AT5G10240.2|Athaliana_Araport11, AT5G65010|AT5G65010.1|Athaliana_Araport11, AT5G65010|AT5G65010.2|Athaliana_Araport11","LOC_Os03g18130|LOC_Os03g18130.1|Osativa_v7.0, LOC_Os03g18130|LOC_Os03g18130.4|Osativa_v7.0, LOC_Os06g15420|LOC_Os06g15420.1|Osativa_v7.0","Sobic.001G406800|Sobic.001G406800.1|Sbicolor_v5.1, Sobic.005G003200|Sobic.005G003200.1|Sbicolor_v5.1, Sobic.005G003200|Sobic.005G003200.2|Sbicolor_v5.1, Sobic.010G110000|Sobic.010G110000.1|Sbicolor_v5.1","Seita.3G244300|Seita.3G244300.1|Sitalica_v2.2, Seita.9G423200|Seita.9G423200.1|Sitalica_v2.2, Seita.9G440900|Seita.9G440900.1|Sitalica_v2.2","Solyc04G001861|Solyc04T001861.1|Slycopersicum_ITAG5.0, Solyc06G000114|Solyc06T000114.1|Slycopersicum_ITAG5.0","Zm00001d028750|Zm00001d028750_T002|Zmays_RefGen_V4, Zm00001d044608|Zm00001d044608_T001|Zmays_RefGen_V4, Zm00001d044608|Zm00001d044608_T002|Zmays_RefGen_V4, Zm00001d045675|Zm00001d045675_T003|Zmays_RefGen_V4",asparagine synthetase ASN3 (68412.m01098)
At5g65010,"AT3G47340|AT3G47340.1|Athaliana_Araport11, AT3G47340|AT3G47340.2|Athaliana_Araport11, AT3G47340|AT3G47340.3|Athaliana_Araport11, AT3G47340|AT3G47340.4|Athaliana_Araport11, AT5G10240|AT5G10240.1|Athaliana_Araport11, AT5G10240|AT5G10240.2|Athaliana_Araport11, AT5G65010|AT5G65010.1|Athaliana_Araport11, AT5G65010|AT5G65010.2|Athaliana_Araport11","LOC_Os03g18130|LOC_Os03g18130.1|Osativa_v7.0, LOC_Os03g18130|LOC_Os03g18130.4|Osativa_v7.0, LOC_Os06g15420|LOC_Os06g15420.1|Osativa_v7.0","Sobic.001G406800|Sobic.001G406800.1|Sbicolor_v5.1, Sobic.005G003200|Sobic.005G003200.1|Sbicolor_v5.1, Sobic.005G003200|Sobic.005G003200.2|Sbicolor_v5.1, Sobic.010G110000|Sobic.010G110000.1|Sbicolor_v5.1","Seita.3G244300|Seita.3G244300.1|Sitalica_v2.2, Seita.9G423200|Seita.9G423200.1|Sitalica_v2.2, Seita.9G440900|Seita.9G440900.1|Sitalica_v2.2","Solyc04G001861|Solyc04T001861.1|Slycopersicum_ITAG5.0, Solyc06G000114|Solyc06T000114.1|Slycopersicum_ITAG5.0","Zm00001d028750|Zm00001d028750_T002|Zmays_RefGen_V4, Zm00001d044608|Zm00001d044608_T001|Zmays_RefGen_V4, Zm00001d044608|Zm00001d044608_T002|Zmays_RefGen_V4, Zm00001d045675|Zm00001d045675_T003|Zmays_RefGen_V4",asparagine synthetase (gb|AAC72837.1) (68412.m08092)
At5g08100,AT5G08100|AT5G08100.1|Athaliana_Araport11,LOC_Os03g40070|LOC_Os03g40070.1|Osativa_v7.0,"Sobic.001G174700|Sobic.001G174700.1|Sbicolor_v5.1, Sobic.001G174700|Sobic.001G174700.3|Sbicolor_v5.1",Seita.9G175000|Seita.9G175000.1|Sitalica_v2.2,"Solyc06G001876|Solyc06T001876.1|Slycopersicum_ITAG5.0, Solyc06G001876|Solyc06T001876.2|Slycopersicum_ITAG5.0",Zm00001d033160|Zm00001d033160_T001|Zmays_RefGen_V4,asparaginase (68412.m00879)
At3g16150,AT3G16150|AT3G16150.1|Athaliana_Araport11,LOC_Os04g55710|LOC_Os04g55710.1|Osativa_v7.0,Sobic.006G243200|Sobic.006G243200.1|Sbicolor_v5.1,Seita.7G264800|Seita.7G264800.1|Sitalica_v2.2,Solyc04G002622|Solyc04T002622.1|Slycopersicum_ITAG5.0,Zm00001d002052|Zm00001d002052_T001|Zmays_RefGen_V4,L-asparaginase -related similar to L-ASPARAGINASE GB:P30364from [Lupinus angustifolius] (68410.m01835)
At4g00590,"AT4G00590|AT4G00590.1|Athaliana_Araport11, AT4G00590|AT4G00590.2|Athaliana_Araport11",LOC_Os04g58600|LOC_Os04g58600.2|Osativa_v7.0,"Sobic.006G271700|Sobic.006G271700.1|Sbicolor_v5.1, Sobic.006G271700|Sobic.006G271700.2|Sbicolor_v5.1, Sobic.006G271700|Sobic.006G271700.3|Sbicolor_v5.1","Seita.3G011500|Seita.3G011500.1|Sitalica_v2.2, Seita.3G011500|Seita.3G011500.2|Sitalica_v2.2","Solyc05G002079|Solyc05T002079.1|Slycopersicum_ITAG5.0, Solyc05G002079|Solyc05T002079.2|Slycopersicum_ITAG5.0","Zm00001d026643|Zm00001d026643_T001|Zmays_RefGen_V4, Zm00001d026643|Zm00001d026643_T002|Zmays_RefGen_V4, Zm00001d026643|Zm00001d026643_T003|Zmays_RefGen_V4, Zm00001d026643|Zm00001d026643_T004|Zmays_RefGen_V4, Zm00001d026643|Zm00001d026643_T005|Zmays_RefGen_V4, Zm00001d026643|Zm00001d026643_T006|Zmays_RefGen_V4, Zm00001d026643|Zm00001d026643_T007|Zmays_RefGen_V4, Zm00001d026643|Zm00001d026643_T009|Zmays_RefGen_V4",asparaginase 2 family very low similarity to glycosylasparaginase [SP|P20933] from Homo sapiens; contains Pfam profile PF01112: Asparaginase 2 (68411.m00077)
At5g24800,AT5G24800|AT5G24800.1|Athaliana_Araport11,"LOC_Os02g07840|LOC_Os02g07840.1|Osativa_v7.0, LOC_Os02g07840|LOC_Os02g07840.2|Osativa_v7.0, LOC_Os02g16680|LOC_Os02g16680.1|Osativa_v7.0, LOC_Os02g16680|LOC_Os02g16680.2|Osativa_v7.0, LOC_Os06g45140|LOC_Os06g45140.1|Osativa_v7.0, LOC_Os06g45140|LOC_Os06g45140.2|Osativa_v7.0, LOC_Os06g45140|LOC_Os06g45140.3|Osativa_v7.0","Sobic.004G059900|Sobic.004G059900.1|Sbicolor_v5.1, Sobic.004G059900|Sobic.004G059900.2|Sbicolor_v5.1, Sobic.010G218500|Sobic.010G218500.1|Sbicolor_v5.1","Seita.1G068600|Seita.1G068600.1|Sitalica_v2.2, Seita.1G068600|Seita.1G068600.2|Sitalica_v2.2, Seita.4G187300|Seita.4G187300.1|Sitalica_v2.2",Solyc08G000110|Solyc08T000110.1|Slycopersicum_ITAG5.0,"Zm00001d003529|Zm00001d003529_T001|Zmays_RefGen_V4, Zm00001d006223|Zm00001d006223_T001|Zmays_RefGen_V4, Zm00001d014710|Zm00001d014710_T001|Zmays_RefGen_V4, Zm00001d015421|Zm00001d015421_T001|Zmays_RefGen_V4, Zm00001d015421|Zm00001d015421_T002|Zmays_RefGen_V4, Zm00001d015421|Zm00001d015421_T003|Zmays_RefGen_V4, Zm00001d046937|Zm00001d046937_T001|Zmays_RefGen_V4, Zm00001d050588|Zm00001d050588_T001|Zmays_RefGen_V4, Zm00001d050588|Zm00001d050588_T002|Zmays_RefGen_V4","bZIP protein, G/HBF-1-related light-induced protein CPRF-2 - Petroselinum crispum, PIR:S16321 (68412.m02676)"
At3g47340,"AT3G47340|AT3G47340.1|Athaliana_Araport11, AT3G47340|AT3G47340.2|Athaliana_Araport11, AT3G47340|AT3G47340.3|Athaliana_Araport11, AT3G47340|AT3G47340.4|Athaliana_Araport11, AT5G10240|AT5G10240.1|Athaliana_Araport11, AT5G10240|AT5G10240.2|Athaliana_Araport11, AT5G65010|AT5G65010.1|Athaliana_Araport11, AT5G65010|AT5G65010.2|Athaliana_Araport11","LOC_Os03g18130|LOC_Os03g18130.1|Osativa_v7.0, LOC_Os03g18130|LOC_Os03g18130.4|Osativa_v7.0, LOC_Os06g15420|LOC_Os06g15420.1|Osativa_v7.0","Sobic.001G406800|Sobic.001G406800.1|Sbicolor_v5.1, Sobic.005G003200|Sobic.005G003200.1|Sbicolor_v5.1, Sobic.005G003200|Sobic.005G003200.2|Sbicolor_v5.1, Sobic.010G110000|Sobic.010G110000.1|Sbicolor_v5.1","Seita.3G244300|Seita.3G244300.1|Sitalica_v2.2, Seita.9G423200|Seita.9G423200.1|Sitalica_v2.2, Seita.9G440900|Seita.9G440900.1|Sitalica_v2.2","Solyc04G001861|Solyc04T001861.1|Slycopersicum_ITAG5.0, Solyc06G000114|Solyc06T000114.1|Slycopersicum_ITAG5.0","Zm00001d028750|Zm00001d028750_T002|Zmays_RefGen_V4, Zm00001d044608|Zm00001d044608_T001|Zmays_RefGen_V4, Zm00001d044608|Zm00001d044608_T002|Zmays_RefGen_V4, Zm00001d045675|Zm00001d045675_T003|Zmays_RefGen_V4",glutamine-dependent asparagine synthetase (68410.m04771)
